Date,City,Estimated Unemployment Rate (%)
2018-01-31,Agartala,31.11
2018-01-31,Agra,4.03
2018-01-31,Aizwal,5.01
2018-01-31,Amritsar,6.69
2018-01-31,Asansol,8.63
2018-01-31,Aurangabad,3.47
2018-01-31,Bareilly,4.03
2018-01-31,Belgaum,1.79
2018-01-31,Bengaluru,1.79
2018-01-31,Bhilai,6.72
2018-01-31,Bhopal,2.98
2018-01-31,Chandigarh,6.69
2018-01-31,Chennai,2.4
2018-01-31,Coimbatore,2.4
2018-01-31,Dehradun,0.87
2018-01-31,Delhi,2.24
2018-01-31,Faridabad,13.21
2018-01-31,Gandhinagar,2.93
2018-01-31,Ghaziabad,4.03
2018-01-31,Gorakhpur,4.03
2018-01-31,Gwalior,2.98
2018-01-31,Hyderabad,4.0
2018-01-31,Imphal,5.01
2018-01-31,Indore,2.98
2018-01-31,Jabalpur,2.98
2018-01-31,Jaipur,6.41
2018-01-31,Jalandhar,6.69
2018-01-31,Jodhpur,6.41
2018-01-31,Kanpur,4.03
2018-01-31,Kochi,6.88
2018-01-31,Kohima,5.01
2018-01-31,Kolkata,8.63
2018-01-31,Kota,6.41
2018-01-31,Kozhikode,6.88
2018-01-31,Lucknow,4.03
2018-01-31,Ludhiana,6.69
2018-01-31,Mangalore,1.79
2018-01-31,Meerut,4.03
2018-01-31,Moradabad,4.03
2018-01-31,Mumbai,3.47
2018-01-31,Mysuru,1.79
2018-01-31,Nashik,3.47
2018-01-31,Patna,4.07
2018-01-31,Prayagraj,4.03
2018-01-31,Puducherry,4.44
2018-01-31,Pune,3.47
2018-01-31,Shillong,10.86
2018-01-31,Solapur,3.47
2018-01-31,Srinagar,9.97
2018-01-31,Thiruvananthapuram,6.88
2018-01-31,Varanasi,4.03
2018-01-31,Vijayawada,5.79
2018-01-31,Visakhapatnam,5.79
2018-02-28,Agartala,30.23
2018-02-28,Agra,3.93
2018-02-28,Aizwal,5.87
2018-02-28,Amritsar,9.64
2018-02-28,Asansol,8.83
2018-02-28,Aurangabad,3.83
2018-02-28,Bareilly,3.93
2018-02-28,Belgaum,3.32
2018-02-28,Bengaluru,3.32
2018-02-28,Bhilai,2.61
2018-02-28,Bhopal,2.78
2018-02-28,Chandigarh,9.64
2018-02-28,Chennai,2.55
2018-02-28,Coimbatore,2.55
2018-02-28,Dehradun,1.22
2018-02-28,Delhi,1.57
2018-02-28,Faridabad,15.52
2018-02-28,Gandhinagar,9.53
2018-02-28,Ghaziabad,3.93
2018-02-28,Gorakhpur,3.93
2018-02-28,Gwalior,2.78
2018-02-28,Hyderabad,3.43
2018-02-28,Imphal,5.87
2018-02-28,Indore,2.78
2018-02-28,Jabalpur,2.78
2018-02-28,Jaipur,6.65
2018-02-28,Jalandhar,9.64
2018-02-28,Jodhpur,6.65
2018-02-28,Kanpur,3.93
2018-02-28,Kochi,8.27
2018-02-28,Kohima,5.87
2018-02-28,Kolkata,8.83
2018-02-28,Kota,6.65
2018-02-28,Kozhikode,8.27
2018-02-28,Lucknow,3.93
2018-02-28,Ludhiana,9.64
2018-02-28,Mangalore,3.32
2018-02-28,Meerut,3.93
2018-02-28,Moradabad,3.93
2018-02-28,Mumbai,3.83
2018-02-28,Mysuru,3.32
2018-02-28,Nashik,3.83
2018-02-28,Patna,7.05
2018-02-28,Prayagraj,3.93
2018-02-28,Puducherry,2.02
2018-02-28,Pune,3.83
2018-02-28,Shillong,7.92
2018-02-28,Solapur,3.83
2018-02-28,Srinagar,15.13
2018-02-28,Thiruvananthapuram,8.27
2018-02-28,Varanasi,3.93
2018-02-28,Vijayawada,3.97
2018-02-28,Visakhapatnam,3.97
2018-03-31,Agartala,15.19
2018-03-31,Agra,3.14
2018-03-31,Aizwal,6.0
2018-03-31,Amritsar,9.01
2018-03-31,Asansol,7.92
2018-03-31,Aurangabad,3.36
2018-03-31,Bareilly,3.14
2018-03-31,Belgaum,3.97
2018-03-31,Bengaluru,3.97
2018-03-31,Bhilai,3.2
2018-03-31,Bhopal,5.0
2018-03-31,Chandigarh,9.01
2018-03-31,Chennai,3.03
2018-03-31,Coimbatore,3.03
2018-03-31,Dehradun,2.41
2018-03-31,Delhi,3.0
2018-03-31,Faridabad,12.76
2018-03-31,Gandhinagar,4.73
2018-03-31,Ghaziabad,3.14
2018-03-31,Gorakhpur,3.14
2018-03-31,Gwalior,5.0
2018-03-31,Hyderabad,3.62
2018-03-31,Imphal,6.0
2018-03-31,Indore,5.0
2018-03-31,Jabalpur,5.0
2018-03-31,Jaipur,13.2
2018-03-31,Jalandhar,9.01
2018-03-31,Jodhpur,13.2
2018-03-31,Kanpur,3.14
2018-03-31,Kochi,9.8
2018-03-31,Kohima,6.0
2018-03-31,Kolkata,7.92
2018-03-31,Kota,13.2
2018-03-31,Kozhikode,9.8
2018-03-31,Lucknow,3.14
2018-03-31,Ludhiana,9.01
2018-03-31,Mangalore,3.97
2018-03-31,Meerut,3.14
2018-03-31,Moradabad,3.14
2018-03-31,Mumbai,3.36
2018-03-31,Mysuru,3.97
2018-03-31,Nashik,3.36
2018-03-31,Patna,10.21
2018-03-31,Prayagraj,3.14
2018-03-31,Puducherry,3.94
2018-03-31,Pune,3.36
2018-03-31,Shillong,6.72
2018-03-31,Solapur,3.36
2018-03-31,Srinagar,14.0
2018-03-31,Thiruvananthapuram,9.8
2018-03-31,Varanasi,3.14
2018-03-31,Vijayawada,4.22
2018-03-31,Visakhapatnam,4.22
2018-04-30,Agartala,13.55
2018-04-30,Agra,5.56
2018-04-30,Aizwal,5.57
2018-04-30,Amritsar,7.16
2018-04-30,Asansol,6.24
2018-04-30,Aurangabad,4.88
2018-04-30,Bareilly,5.56
2018-04-30,Belgaum,2.28
2018-04-30,Bengaluru,2.28
2018-04-30,Bhilai,2.06
2018-04-30,Bhopal,3.18
2018-04-30,Chandigarh,7.16
2018-04-30,Chennai,1.87
2018-04-30,Coimbatore,1.87
2018-04-30,Dehradun,0.92
2018-04-30,Delhi,3.6
2018-04-30,Faridabad,21.41
2018-04-30,Gandhinagar,4.98
2018-04-30,Ghaziabad,5.56
2018-04-30,Gorakhpur,5.56
2018-04-30,Gwalior,3.18
2018-04-30,Hyderabad,1.97
2018-04-30,Imphal,5.57
2018-04-30,Indore,3.18
2018-04-30,Jabalpur,3.18
2018-04-30,Jaipur,7.4
2018-04-30,Jalandhar,7.16
2018-04-30,Jodhpur,7.4
2018-04-30,Kanpur,5.56
2018-04-30,Kochi,6.67
2018-04-30,Kohima,5.57
2018-04-30,Kolkata,6.24
2018-04-30,Kota,7.4
2018-04-30,Kozhikode,6.67
2018-04-30,Lucknow,5.56
2018-04-30,Ludhiana,7.16
2018-04-30,Mangalore,2.28
2018-04-30,Meerut,5.56
2018-04-30,Moradabad,5.56
2018-04-30,Mumbai,4.88
2018-04-30,Mysuru,2.28
2018-04-30,Nashik,4.88
2018-04-30,Patna,7.97
2018-04-30,Prayagraj,5.56
2018-04-30,Puducherry,1.65
2018-04-30,Pune,4.88
2018-04-30,Shillong,4.04
2018-04-30,Solapur,4.88
2018-04-30,Srinagar,10.7
2018-04-30,Thiruvananthapuram,6.67
2018-04-30,Varanasi,5.56
2018-04-30,Vijayawada,3.65
2018-04-30,Visakhapatnam,3.65
2018-05-31,Agartala,23.68
2018-05-31,Agra,5.21
2018-05-31,Aizwal,5.14
2018-05-31,Amritsar,7.26
2018-05-31,Asansol,7.37
2018-05-31,Aurangabad,3.74
2018-05-31,Bareilly,5.21
2018-05-31,Belgaum,1.64
2018-05-31,Bengaluru,1.64
2018-05-31,Bhilai,4.34
2018-05-31,Bhopal,2.02
2018-05-31,Chandigarh,7.26
2018-05-31,Chennai,2.08
2018-05-31,Coimbatore,2.08
2018-05-31,Dehradun,1.0
2018-05-31,Delhi,8.75
2018-05-31,Faridabad,15.21
2018-05-31,Gandhinagar,5.06
2018-05-31,Ghaziabad,5.21
2018-05-31,Gorakhpur,5.21
2018-05-31,Gwalior,2.02
2018-05-31,Hyderabad,0.97
2018-05-31,Imphal,5.14
2018-05-31,Indore,2.02
2018-05-31,Jabalpur,2.02
2018-05-31,Jaipur,5.36
2018-05-31,Jalandhar,7.26
2018-05-31,Jodhpur,5.36
2018-05-31,Kanpur,5.21
2018-05-31,Kochi,5.67
2018-05-31,Kohima,5.14
2018-05-31,Kolkata,7.37
2018-05-31,Kota,5.36
2018-05-31,Kozhikode,5.67
2018-05-31,Lucknow,5.21
2018-05-31,Ludhiana,7.26
2018-05-31,Mangalore,1.64
2018-05-31,Meerut,5.21
2018-05-31,Moradabad,5.21
2018-05-31,Mumbai,3.74
2018-05-31,Mysuru,1.64
2018-05-31,Nashik,3.74
2018-05-31,Patna,5.07
2018-05-31,Prayagraj,5.21
2018-05-31,Puducherry,2.27
2018-05-31,Pune,3.74
2018-05-31,Shillong,10.54
2018-05-31,Solapur,3.74
2018-05-31,Srinagar,9.67
2018-05-31,Thiruvananthapuram,5.67
2018-05-31,Varanasi,5.21
2018-05-31,Vijayawada,4.01
2018-05-31,Visakhapatnam,4.01
2018-06-30,Agartala,22.13
2018-06-30,Agra,4.04
2018-06-30,Aizwal,5.75
2018-06-30,Amritsar,8.29
2018-06-30,Asansol,7.82
2018-06-30,Aurangabad,4.19
2018-06-30,Bareilly,4.04
2018-06-30,Belgaum,2.87
2018-06-30,Bengaluru,2.87
2018-06-30,Bhilai,2.44
2018-06-30,Bhopal,2.59
2018-06-30,Chandigarh,8.29
2018-06-30,Chennai,1.51
2018-06-30,Coimbatore,1.51
2018-06-30,Dehradun,1.26
2018-06-30,Delhi,8.99
2018-06-30,Faridabad,16.67
2018-06-30,Gandhinagar,6.47
2018-06-30,Ghaziabad,4.04
2018-06-30,Gorakhpur,4.04
2018-06-30,Gwalior,2.59
2018-06-30,Hyderabad,1.19
2018-06-30,Imphal,5.75
2018-06-30,Indore,2.59
2018-06-30,Jabalpur,2.59
2018-06-30,Jaipur,10.08
2018-06-30,Jalandhar,8.29
2018-06-30,Jodhpur,10.08
2018-06-30,Kanpur,4.04
2018-06-30,Kochi,8.9
2018-06-30,Kohima,5.75
2018-06-30,Kolkata,7.82
2018-06-30,Kota,10.08
2018-06-30,Kozhikode,8.9
2018-06-30,Lucknow,4.04
2018-06-30,Ludhiana,8.29
2018-06-30,Mangalore,2.87
2018-06-30,Meerut,4.04
2018-06-30,Moradabad,4.04
2018-06-30,Mumbai,4.19
2018-06-30,Mysuru,2.87
2018-06-30,Nashik,4.19
2018-06-30,Patna,7.6
2018-06-30,Prayagraj,4.04
2018-06-30,Puducherry,0.76
2018-06-30,Pune,4.19
2018-06-30,Shillong,6.73
2018-06-30,Solapur,4.19
2018-06-30,Srinagar,13.16
2018-06-30,Thiruvananthapuram,8.9
2018-06-30,Varanasi,4.04
2018-06-30,Vijayawada,4.51
2018-06-30,Visakhapatnam,4.51
2018-07-31,Agartala,17.86
2018-07-31,Agra,4.63
2018-07-31,Aizwal,5.66
2018-07-31,Amritsar,8.44
2018-07-31,Asansol,6.43
2018-07-31,Aurangabad,3.46
2018-07-31,Bareilly,4.63
2018-07-31,Belgaum,2.36
2018-07-31,Bengaluru,2.36
2018-07-31,Bhilai,3.38
2018-07-31,Bhopal,4.24
2018-07-31,Chandigarh,8.44
2018-07-31,Chennai,2.56
2018-07-31,Coimbatore,2.56
2018-07-31,Dehradun,2.33
2018-07-31,Delhi,7.51
2018-07-31,Faridabad,14.93
2018-07-31,Gandhinagar,4.54
2018-07-31,Ghaziabad,4.63
2018-07-31,Gorakhpur,4.63
2018-07-31,Gwalior,4.24
2018-07-31,Hyderabad,0.75
2018-07-31,Imphal,5.66
2018-07-31,Indore,4.24
2018-07-31,Jabalpur,4.24
2018-07-31,Jaipur,9.49
2018-07-31,Jalandhar,8.44
2018-07-31,Jodhpur,9.49
2018-07-31,Kanpur,4.63
2018-07-31,Kochi,7.22
2018-07-31,Kohima,5.66
2018-07-31,Kolkata,6.43
2018-07-31,Kota,9.49
2018-07-31,Kozhikode,7.22
2018-07-31,Lucknow,4.63
2018-07-31,Ludhiana,8.44
2018-07-31,Mangalore,2.36
2018-07-31,Meerut,4.63
2018-07-31,Moradabad,4.63
2018-07-31,Mumbai,3.46
2018-07-31,Mysuru,2.36
2018-07-31,Nashik,3.46
2018-07-31,Patna,9.26
2018-07-31,Prayagraj,4.63
2018-07-31,Puducherry,3.29
2018-07-31,Pune,3.46
2018-07-31,Shillong,3.51
2018-07-31,Solapur,3.46
2018-07-31,Srinagar,10.04
2018-07-31,Thiruvananthapuram,7.22
2018-07-31,Varanasi,4.63
2018-07-31,Vijayawada,5.25
2018-07-31,Visakhapatnam,5.25
2018-08-31,Agartala,27.43
2018-08-31,Agra,8.5
2018-08-31,Aizwal,6.27
2018-08-31,Amritsar,5.37
2018-08-31,Asansol,5.7
2018-08-31,Aurangabad,4.05
2018-08-31,Bareilly,8.5
2018-08-31,Belgaum,1.46
2018-08-31,Bengaluru,1.46
2018-08-31,Bhilai,2.59
2018-08-31,Bhopal,6.21
2018-08-31,Chandigarh,5.37
2018-08-31,Chennai,1.6
2018-08-31,Coimbatore,1.6
2018-08-31,Dehradun,0.33
2018-08-31,Delhi,12.32
2018-08-31,Faridabad,23.14
2018-08-31,Gandhinagar,3.58
2018-08-31,Ghaziabad,8.5
2018-08-31,Gorakhpur,8.5
2018-08-31,Gwalior,6.21
2018-08-31,Hyderabad,0.49
2018-08-31,Imphal,6.27
2018-08-31,Indore,6.21
2018-08-31,Jabalpur,6.21
2018-08-31,Jaipur,9.75
2018-08-31,Jalandhar,5.37
2018-08-31,Jodhpur,9.75
2018-08-31,Kanpur,8.5
2018-08-31,Kochi,10.41
2018-08-31,Kohima,6.27
2018-08-31,Kolkata,5.7
2018-08-31,Kota,9.75
2018-08-31,Kozhikode,10.41
2018-08-31,Lucknow,8.5
2018-08-31,Ludhiana,5.37
2018-08-31,Mangalore,1.46
2018-08-31,Meerut,8.5
2018-08-31,Moradabad,8.5
2018-08-31,Mumbai,4.05
2018-08-31,Mysuru,1.46
2018-08-31,Nashik,4.05
2018-08-31,Patna,9.27
2018-08-31,Prayagraj,8.5
2018-08-31,Puducherry,0.68
2018-08-31,Pune,4.05
2018-08-31,Shillong,4.23
2018-08-31,Solapur,4.05
2018-08-31,Srinagar,7.95
2018-08-31,Thiruvananthapuram,10.41
2018-08-31,Varanasi,8.5
2018-08-31,Vijayawada,4.33
2018-08-31,Visakhapatnam,4.33
2018-09-30,Agartala,39.1
2018-09-30,Agra,7.88
2018-09-30,Aizwal,6.47
2018-09-30,Amritsar,9.83
2018-09-30,Asansol,7.14
2018-09-30,Aurangabad,4.02
2018-09-30,Bareilly,7.88
2018-09-30,Belgaum,1.21
2018-09-30,Bengaluru,1.21
2018-09-30,Bhilai,22.24
2018-09-30,Bhopal,3.64
2018-09-30,Chandigarh,9.83
2018-09-30,Chennai,1.8
2018-09-30,Coimbatore,1.8
2018-09-30,Dehradun,2.36
2018-09-30,Delhi,12.49
2018-09-30,Faridabad,17.21
2018-09-30,Gandhinagar,4.34
2018-09-30,Gangtok,11.25
2018-09-30,Ghaziabad,7.88
2018-09-30,Gorakhpur,7.88
2018-09-30,Gwalior,3.64
2018-09-30,Hyderabad,0.44
2018-09-30,Imphal,6.47
2018-09-30,Indore,3.64
2018-09-30,Jabalpur,3.64
2018-09-30,Jaipur,7.58
2018-09-30,Jalandhar,9.83
2018-09-30,Jodhpur,7.58
2018-09-30,Kanpur,7.88
2018-09-30,Kochi,4.26
2018-09-30,Kohima,6.47
2018-09-30,Kolkata,7.14
2018-09-30,Kota,7.58
2018-09-30,Kozhikode,4.26
2018-09-30,Lucknow,7.88
2018-09-30,Ludhiana,9.83
2018-09-30,Mangalore,1.21
2018-09-30,Meerut,7.88
2018-09-30,Moradabad,7.88
2018-09-30,Mumbai,4.02
2018-09-30,Mysuru,1.21
2018-09-30,Nashik,4.02
2018-09-30,Patna,5.41
2018-09-30,Prayagraj,7.88
2018-09-30,Puducherry,3.51
2018-09-30,Pune,4.02
2018-09-30,Shillong,4.57
2018-09-30,Solapur,4.02
2018-09-30,Srinagar,13.21
2018-09-30,Thiruvananthapuram,4.26
2018-09-30,Varanasi,7.88
2018-09-30,Vijayawada,4.88
2018-09-30,Visakhapatnam,4.88
2018-10-31,Agartala,32.43
2018-10-31,Agra,6.19
2018-10-31,Aizwal,6.83
2018-10-31,Amritsar,11.68
2018-10-31,Asansol,6.74
2018-10-31,Aurangabad,3.82
2018-10-31,Bareilly,6.19
2018-10-31,Belgaum,2.11
2018-10-31,Bengaluru,2.11
2018-10-31,Bhilai,12.68
2018-10-31,Bhopal,7.29
2018-10-31,Chandigarh,11.68
2018-10-31,Chennai,1.1
2018-10-31,Coimbatore,1.1
2018-10-31,Dehradun,4.37
2018-10-31,Delhi,10.0
2018-10-31,Faridabad,18.7
2018-10-31,Gandhinagar,7.4
2018-10-31,Gangtok,12.14
2018-10-31,Ghaziabad,6.19
2018-10-31,Gorakhpur,6.19
2018-10-31,Gwalior,7.29
2018-10-31,Hyderabad,0.94
2018-10-31,Imphal,6.83
2018-10-31,Indore,7.29
2018-10-31,Jabalpur,7.29
2018-10-31,Jaipur,13.63
2018-10-31,Jalandhar,11.68
2018-10-31,Jodhpur,13.63
2018-10-31,Kanpur,6.19
2018-10-31,Kochi,7.22
2018-10-31,Kohima,6.83
2018-10-31,Kolkata,6.74
2018-10-31,Kota,13.63
2018-10-31,Kozhikode,7.22
2018-10-31,Lucknow,6.19
2018-10-31,Ludhiana,11.68
2018-10-31,Mangalore,2.11
2018-10-31,Meerut,6.19
2018-10-31,Moradabad,6.19
2018-10-31,Mumbai,3.82
2018-10-31,Mysuru,2.11
2018-10-31,Nashik,3.82
2018-10-31,Patna,9.56
2018-10-31,Prayagraj,6.19
2018-10-31,Puducherry,0.57
2018-10-31,Pune,3.82
2018-10-31,Shillong,4.81
2018-10-31,Solapur,3.82
2018-10-31,Srinagar,14.58
2018-10-31,Thiruvananthapuram,7.22
2018-10-31,Varanasi,6.19
2018-10-31,Vijayawada,5.56
2018-10-31,Visakhapatnam,5.56
2018-11-30,Agartala,32.34
2018-11-30,Agra,6.98
2018-11-30,Aizwal,6.65
2018-11-30,Amritsar,8.56
2018-11-30,Asansol,6.15
2018-11-30,Aurangabad,3.78
2018-11-30,Bareilly,6.98
2018-11-30,Belgaum,1.48
2018-11-30,Bengaluru,1.48
2018-11-30,Bhilai,5.51
2018-11-30,Bhopal,6.53
2018-11-30,Chandigarh,8.56
2018-11-30,Chennai,3.02
2018-11-30,Coimbatore,3.02
2018-11-30,Dehradun,4.06
2018-11-30,Delhi,12.04
2018-11-30,Faridabad,18.97
2018-11-30,Gandhinagar,5.09
2018-11-30,Gangtok,4.69
2018-11-30,Ghaziabad,6.98
2018-11-30,Gorakhpur,6.98
2018-11-30,Gwalior,6.53
2018-11-30,Hyderabad,0.52
2018-11-30,Imphal,6.65
2018-11-30,Indore,6.53
2018-11-30,Jabalpur,6.53
2018-11-30,Jaipur,12.51
2018-11-30,Jalandhar,8.56
2018-11-30,Jodhpur,12.51
2018-11-30,Kanpur,6.98
2018-11-30,Kochi,6.26
2018-11-30,Kohima,6.65
2018-11-30,Kolkata,6.15
2018-11-30,Kota,12.51
2018-11-30,Kozhikode,6.26
2018-11-30,Lucknow,6.98
2018-11-30,Ludhiana,8.56
2018-11-30,Mangalore,1.48
2018-11-30,Meerut,6.98
2018-11-30,Moradabad,6.98
2018-11-30,Mumbai,3.78
2018-11-30,Mysuru,1.48
2018-11-30,Nashik,3.78
2018-11-30,Patna,11.23
2018-11-30,Prayagraj,6.98
2018-11-30,Puducherry,0.42
2018-11-30,Pune,3.78
2018-11-30,Shillong,3.02
2018-11-30,Solapur,3.78
2018-11-30,Srinagar,11.15
2018-11-30,Thiruvananthapuram,6.26
2018-11-30,Varanasi,6.98
2018-11-30,Vijayawada,5.24
2018-11-30,Visakhapatnam,5.24
2018-12-31,Agartala,27.34
2018-12-31,Agra,11.03
2018-12-31,Aizwal,7.02
2018-12-31,Amritsar,5.83
2018-12-31,Asansol,5.89
2018-12-31,Aurangabad,3.21
2018-12-31,Bareilly,11.03
2018-12-31,Belgaum,1.22
2018-12-31,Bengaluru,1.22
2018-12-31,Bhilai,4.73
2018-12-31,Bhopal,6.98
2018-12-31,Chandigarh,5.83
2018-12-31,Chennai,2.07
2018-12-31,Coimbatore,2.07
2018-12-31,Dehradun,5.48
2018-12-31,Delhi,9.59
2018-12-31,Faridabad,24.51
2018-12-31,Gandhinagar,3.66
2018-12-31,Ghaziabad,11.03
2018-12-31,Gorakhpur,11.03
2018-12-31,Gwalior,6.98
2018-12-31,Hyderabad,0.94
2018-12-31,Imphal,7.02
2018-12-31,Indore,6.98
2018-12-31,Jabalpur,6.98
2018-12-31,Jaipur,14.87
2018-12-31,Jalandhar,5.83
2018-12-31,Jodhpur,14.87
2018-12-31,Kanpur,11.03
2018-12-31,Kochi,8.26
2018-12-31,Kohima,7.02
2018-12-31,Kolkata,5.89
2018-12-31,Kota,14.87
2018-12-31,Kozhikode,8.26
2018-12-31,Lucknow,11.03
2018-12-31,Ludhiana,5.83
2018-12-31,Mangalore,1.22
2018-12-31,Meerut,11.03
2018-12-31,Moradabad,11.03
2018-12-31,Mumbai,3.21
2018-12-31,Mysuru,1.22
2018-12-31,Nashik,3.21
2018-12-31,Patna,8.14
2018-12-31,Prayagraj,11.03
2018-12-31,Puducherry,0.37
2018-12-31,Pune,3.21
2018-12-31,Shillong,2.71
2018-12-31,Solapur,3.21
2018-12-31,Srinagar,9.08
2018-12-31,Thiruvananthapuram,8.26
2018-12-31,Varanasi,11.03
2018-12-31,Vijayawada,4.2
2018-12-31,Visakhapatnam,4.2
2019-01-31,Agartala,32.63
2019-01-31,Agra,9.59
2019-01-31,Aizwal,6.86
2019-01-31,Amritsar,10.47
2019-01-31,Asansol,6.95
2019-01-31,Aurangabad,5.67
2019-01-31,Bareilly,9.59
2019-01-31,Belgaum,1.49
2019-01-31,Bengaluru,1.49
2019-01-31,Bhilai,7.87
2019-01-31,Bhopal,4.76
2019-01-31,Chandigarh,10.47
2019-01-31,Chennai,2.25
2019-01-31,Coimbatore,2.25
2019-01-31,Dehradun,3.53
2019-01-31,Delhi,12.18
2019-01-31,Faridabad,17.89
2019-01-31,Gandhinagar,5.8
2019-01-31,Gangtok,13.24
2019-01-31,Ghaziabad,9.59
2019-01-31,Gorakhpur,9.59
2019-01-31,Gwalior,4.76
2019-01-31,Hyderabad,2.61
2019-01-31,Imphal,6.86
2019-01-31,Indore,4.76
2019-01-31,Jabalpur,4.76
2019-01-31,Jaipur,7.67
2019-01-31,Jalandhar,10.47
2019-01-31,Jodhpur,7.67
2019-01-31,Kanpur,9.59
2019-01-31,Kochi,6.62
2019-01-31,Kohima,6.86
2019-01-31,Kolkata,6.95
2019-01-31,Kota,7.67
2019-01-31,Kozhikode,6.62
2019-01-31,Lucknow,9.59
2019-01-31,Ludhiana,10.47
2019-01-31,Mangalore,1.49
2019-01-31,Meerut,9.59
2019-01-31,Moradabad,9.59
2019-01-31,Mumbai,5.67
2019-01-31,Mysuru,1.49
2019-01-31,Nashik,5.67
2019-01-31,Patna,8.69
2019-01-31,Prayagraj,9.59
2019-01-31,Puducherry,1.67
2019-01-31,Pune,5.67
2019-01-31,Shillong,2.65
2019-01-31,Solapur,5.67
2019-01-31,Srinagar,17.1
2019-01-31,Thiruvananthapuram,6.62
2019-01-31,Varanasi,9.59
2019-01-31,Vijayawada,5.21
2019-01-31,Visakhapatnam,5.21
2019-02-28,Agartala,26.16
2019-02-28,Agra,9.52
2019-02-28,Aizwal,7.2
2019-02-28,Amritsar,12.39
2019-02-28,Asansol,6.45
2019-02-28,Aurangabad,3.73
2019-02-28,Bareilly,9.52
2019-02-28,Belgaum,2.0
2019-02-28,Bengaluru,2.0
2019-02-28,Bhilai,7.29
2019-02-28,Bhopal,6.47
2019-02-28,Chandigarh,12.39
2019-02-28,Chennai,1.91
2019-02-28,Coimbatore,1.91
2019-02-28,Dehradun,5.12
2019-02-28,Delhi,11.56
2019-02-28,Faridabad,21.29
2019-02-28,Gandhinagar,5.54
2019-02-28,Gangtok,8.3
2019-02-28,Ghaziabad,9.52
2019-02-28,Gorakhpur,9.52
2019-02-28,Gwalior,6.47
2019-02-28,Hyderabad,2.38
2019-02-28,Imphal,7.2
2019-02-28,Indore,6.47
2019-02-28,Jabalpur,6.47
2019-02-28,Jaipur,10.58
2019-02-28,Jalandhar,12.39
2019-02-28,Jodhpur,10.58
2019-02-28,Kanpur,9.52
2019-02-28,Kochi,7.41
2019-02-28,Kohima,7.2
2019-02-28,Kolkata,6.45
2019-02-28,Kota,10.58
2019-02-28,Kozhikode,7.41
2019-02-28,Lucknow,9.52
2019-02-28,Ludhiana,12.39
2019-02-28,Mangalore,2.0
2019-02-28,Meerut,9.52
2019-02-28,Moradabad,9.52
2019-02-28,Mumbai,3.73
2019-02-28,Mysuru,2.0
2019-02-28,Nashik,3.73
2019-02-28,Patna,11.47
2019-02-28,Prayagraj,9.52
2019-02-28,Puducherry,0.87
2019-02-28,Pune,3.73
2019-02-28,Shillong,6.4
2019-02-28,Solapur,3.73
2019-02-28,Srinagar,15.23
2019-02-28,Thiruvananthapuram,7.41
2019-02-28,Varanasi,9.52
2019-02-28,Vijayawada,5.76
2019-02-28,Visakhapatnam,5.76
2019-03-31,Agartala,22.98
2019-03-31,Agra,8.87
2019-03-31,Aizwal,6.65
2019-03-31,Amritsar,9.8
2019-03-31,Asansol,6.1
2019-03-31,Aurangabad,3.34
2019-03-31,Bareilly,8.87
2019-03-31,Belgaum,1.29
2019-03-31,Bengaluru,1.29
2019-03-31,Bhilai,3.71
2019-03-31,Bhopal,5.4
2019-03-31,Chandigarh,9.8
2019-03-31,Chennai,1.72
2019-03-31,Coimbatore,1.72
2019-03-31,Dehradun,5.0
2019-03-31,Delhi,13.05
2019-03-31,Faridabad,18.99
2019-03-31,Gandhinagar,4.53
2019-03-31,Gangtok,6.8
2019-03-31,Ghaziabad,8.87
2019-03-31,Gorakhpur,8.87
2019-03-31,Gwalior,5.4
2019-03-31,Hyderabad,2.48
2019-03-31,Imphal,6.65
2019-03-31,Indore,5.4
2019-03-31,Jabalpur,5.4
2019-03-31,Jaipur,9.71
2019-03-31,Jalandhar,9.8
2019-03-31,Jodhpur,9.71
2019-03-31,Kanpur,8.87
2019-03-31,Kochi,6.41
2019-03-31,Kohima,6.65
2019-03-31,Kolkata,6.1
2019-03-31,Kota,9.71
2019-03-31,Kozhikode,6.41
2019-03-31,Lucknow,8.87
2019-03-31,Ludhiana,9.8
2019-03-31,Mangalore,1.29
2019-03-31,Meerut,8.87
2019-03-31,Moradabad,8.87
2019-03-31,Mumbai,3.34
2019-03-31,Mysuru,1.29
2019-03-31,Nashik,3.34
2019-03-31,Patna,11.29
2019-03-31,Prayagraj,8.87
2019-03-31,Puducherry,0.31
2019-03-31,Pune,3.34
2019-03-31,Shillong,2.01
2019-03-31,Solapur,3.34
2019-03-31,Srinagar,15.15
2019-03-31,Thiruvananthapuram,6.41
2019-03-31,Varanasi,8.87
2019-03-31,Vijayawada,5.17
2019-03-31,Visakhapatnam,5.17
2019-04-30,Agartala,25.43
2019-04-30,Agra,11.06
2019-04-30,Aizwal,7.35
2019-04-30,Amritsar,7.51
2019-04-30,Asansol,6.55
2019-04-30,Aurangabad,4.09
2019-04-30,Bareilly,11.06
2019-04-30,Belgaum,0.53
2019-04-30,Bengaluru,0.53
2019-04-30,Bhilai,3.44
2019-04-30,Bhopal,6.47
2019-04-30,Chandigarh,7.51
2019-04-30,Chennai,1.23
2019-04-30,Coimbatore,1.23
2019-04-30,Dehradun,6.36
2019-04-30,Delhi,8.37
2019-04-30,Faridabad,26.39
2019-04-30,Gandhinagar,3.0
2019-04-30,Gangtok,4.79
2019-04-30,Ghaziabad,11.06
2019-04-30,Gorakhpur,11.06
2019-04-30,Gwalior,6.47
2019-04-30,Hyderabad,2.66
2019-04-30,Imphal,7.35
2019-04-30,Indore,6.47
2019-04-30,Jabalpur,6.47
2019-04-30,Jaipur,12.58
2019-04-30,Jalandhar,7.51
2019-04-30,Jodhpur,12.58
2019-04-30,Kanpur,11.06
2019-04-30,Kochi,8.79
2019-04-30,Kohima,7.35
2019-04-30,Kolkata,6.55
2019-04-30,Kota,12.58
2019-04-30,Kozhikode,8.79
2019-04-30,Lucknow,11.06
2019-04-30,Ludhiana,7.51
2019-04-30,Mangalore,0.53
2019-04-30,Meerut,11.06
2019-04-30,Moradabad,11.06
2019-04-30,Mumbai,4.09
2019-04-30,Mysuru,0.53
2019-04-30,Nashik,4.09
2019-04-30,Patna,12.19
2019-04-30,Prayagraj,11.06
2019-04-30,Puducherry,0.37
2019-04-30,Pune,4.09
2019-04-30,Shillong,2.28
2019-04-30,Solapur,4.09
2019-04-30,Srinagar,10.62
2019-04-30,Thiruvananthapuram,8.79
2019-04-30,Varanasi,11.06
2019-04-30,Vijayawada,4.02
2019-04-30,Visakhapatnam,4.02
2019-05-31,Agartala,30.94
2019-05-31,Agra,11.28
2019-05-31,Aizwal,7.03
2019-05-31,Amritsar,10.73
2019-05-31,Asansol,6.43
2019-05-31,Aurangabad,4.69
2019-05-31,Bareilly,11.28
2019-05-31,Belgaum,5.88
2019-05-31,Bengaluru,5.88
2019-05-31,Bhilai,9.8
2019-05-31,Bhopal,3.72
2019-05-31,Chandigarh,10.73
2019-05-31,Chennai,0.94
2019-05-31,Coimbatore,0.94
2019-05-31,Dehradun,3.58
2019-05-31,Delhi,12.32
2019-05-31,Faridabad,18.27
2019-05-31,Gandhinagar,3.38
2019-05-31,Gangtok,13.31
2019-05-31,Ghaziabad,11.28
2019-05-31,Gorakhpur,11.28
2019-05-31,Gwalior,3.72
2019-05-31,Hyderabad,1.99
2019-05-31,Imphal,7.03
2019-05-31,Indore,3.72
2019-05-31,Jabalpur,3.72
2019-05-31,Jaipur,6.63
2019-05-31,Jalandhar,10.73
2019-05-31,Jodhpur,6.63
2019-05-31,Kanpur,11.28
2019-05-31,Kochi,6.39
2019-05-31,Kohima,7.03
2019-05-31,Kolkata,6.43
2019-05-31,Kota,6.63
2019-05-31,Kozhikode,6.39
2019-05-31,Lucknow,11.28
2019-05-31,Ludhiana,10.73
2019-05-31,Mangalore,5.88
2019-05-31,Meerut,11.28
2019-05-31,Moradabad,11.28
2019-05-31,Mumbai,4.69
2019-05-31,Mysuru,5.88
2019-05-31,Nashik,4.69
2019-05-31,Patna,10.58
2019-05-31,Prayagraj,11.28
2019-05-31,Puducherry,0.78
2019-05-31,Pune,4.69
2019-05-31,Shillong,4.09
2019-05-31,Solapur,4.69
2019-05-31,Srinagar,16.26
2019-05-31,Thiruvananthapuram,6.39
2019-05-31,Varanasi,11.28
2019-05-31,Vijayawada,4.36
2019-05-31,Visakhapatnam,4.36
2019-06-30,Agartala,26.36
2019-06-30,Agra,11.25
2019-06-30,Aizwal,7.87
2019-06-30,Amritsar,12.55
2019-06-30,Asansol,6.31
2019-06-30,Aurangabad,5.26
2019-06-30,Bareilly,11.25
2019-06-30,Belgaum,5.58
2019-06-30,Bengaluru,5.58
2019-06-30,Bhilai,8.06
2019-06-30,Bhopal,4.86
2019-06-30,Chandigarh,12.55
2019-06-30,Chennai,1.19
2019-06-30,Coimbatore,1.19
2019-06-30,Dehradun,4.66
2019-06-30,Delhi,12.67
2019-06-30,Faridabad,22.1
2019-06-30,Gandhinagar,5.45
2019-06-30,Gangtok,8.99
2019-06-30,Ghaziabad,11.25
2019-06-30,Gorakhpur,11.25
2019-06-30,Gwalior,4.86
2019-06-30,Hyderabad,4.41
2019-06-30,Imphal,7.87
2019-06-30,Indore,4.86
2019-06-30,Jabalpur,4.86
2019-06-30,Jaipur,13.88
2019-06-30,Jalandhar,12.55
2019-06-30,Jodhpur,13.88
2019-06-30,Kanpur,11.25
2019-06-30,Kochi,7.95
2019-06-30,Kohima,7.87
2019-06-30,Kolkata,6.31
2019-06-30,Kota,13.88
2019-06-30,Kozhikode,7.95
2019-06-30,Lucknow,11.25
2019-06-30,Ludhiana,12.55
2019-06-30,Mangalore,5.58
2019-06-30,Meerut,11.25
2019-06-30,Moradabad,11.25
2019-06-30,Mumbai,5.26
2019-06-30,Mysuru,5.58
2019-06-30,Nashik,5.26
2019-06-30,Patna,10.58
2019-06-30,Prayagraj,11.25
2019-06-30,Puducherry,0.0
2019-06-30,Pune,5.26
2019-06-30,Shillong,5.08
2019-06-30,Solapur,5.26
2019-06-30,Srinagar,14.74
2019-06-30,Thiruvananthapuram,7.95
2019-06-30,Varanasi,11.25
2019-06-30,Vijayawada,3.27
2019-06-30,Visakhapatnam,3.27
2019-07-31,Agartala,23.44
2019-07-31,Agra,9.84
2019-07-31,Aizwal,7.34
2019-07-31,Amritsar,10.36
2019-07-31,Asansol,6.32
2019-07-31,Aurangabad,4.78
2019-07-31,Bareilly,9.84
2019-07-31,Belgaum,1.26
2019-07-31,Bengaluru,1.26
2019-07-31,Bhilai,5.48
2019-07-31,Bhopal,4.91
2019-07-31,Chandigarh,10.36
2019-07-31,Chennai,4.83
2019-07-31,Coimbatore,4.83
2019-07-31,Dehradun,6.1
2019-07-31,Delhi,14.58
2019-07-31,Faridabad,19.53
2019-07-31,Gandhinagar,4.81
2019-07-31,Gangtok,6.81
2019-07-31,Ghaziabad,9.84
2019-07-31,Gorakhpur,9.84
2019-07-31,Gwalior,4.91
2019-07-31,Hyderabad,2.86
2019-07-31,Imphal,7.34
2019-07-31,Indore,4.91
2019-07-31,Jabalpur,4.91
2019-07-31,Jaipur,10.23
2019-07-31,Jalandhar,10.36
2019-07-31,Jodhpur,10.23
2019-07-31,Kanpur,9.84
2019-07-31,Kochi,6.18
2019-07-31,Kohima,7.34
2019-07-31,Kolkata,6.32
2019-07-31,Kota,10.23
2019-07-31,Kozhikode,6.18
2019-07-31,Lucknow,9.84
2019-07-31,Ludhiana,10.36
2019-07-31,Mangalore,1.26
2019-07-31,Meerut,9.84
2019-07-31,Moradabad,9.84
2019-07-31,Mumbai,4.78
2019-07-31,Mysuru,1.26
2019-07-31,Nashik,4.78
2019-07-31,Patna,13.8
2019-07-31,Prayagraj,9.84
2019-07-31,Puducherry,0.0
2019-07-31,Pune,4.78
2019-07-31,Shillong,1.72
2019-07-31,Solapur,4.78
2019-07-31,Srinagar,16.34
2019-07-31,Thiruvananthapuram,6.18
2019-07-31,Varanasi,9.84
2019-07-31,Vijayawada,4.29
2019-07-31,Visakhapatnam,4.29
2019-08-31,Agartala,27.86
2019-08-31,Agra,12.27
2019-08-31,Aizwal,8.19
2019-08-31,Amritsar,8.68
2019-08-31,Asansol,6.12
2019-08-31,Aurangabad,5.26
2019-08-31,Bareilly,12.27
2019-08-31,Belgaum,0.74
2019-08-31,Bengaluru,0.74
2019-08-31,Bhilai,5.08
2019-08-31,Bhopal,5.5
2019-08-31,Chandigarh,8.68
2019-08-31,Chennai,5.8
2019-08-31,Coimbatore,5.8
2019-08-31,Dehradun,6.52
2019-08-31,Delhi,13.61
2019-08-31,Faridabad,28.68
2019-08-31,Gandhinagar,3.92
2019-08-31,Gangtok,2.06
2019-08-31,Ghaziabad,12.27
2019-08-31,Gorakhpur,12.27
2019-08-31,Gwalior,5.5
2019-08-31,Hyderabad,2.37
2019-08-31,Imphal,8.19
2019-08-31,Indore,5.5
2019-08-31,Jabalpur,5.5
2019-08-31,Jaipur,13.08
2019-08-31,Jalandhar,8.68
2019-08-31,Jodhpur,13.08
2019-08-31,Kanpur,12.27
2019-08-31,Kochi,9.13
2019-08-31,Kohima,8.19
2019-08-31,Kolkata,6.12
2019-08-31,Kota,13.08
2019-08-31,Kozhikode,9.13
2019-08-31,Lucknow,12.27
2019-08-31,Ludhiana,8.68
2019-08-31,Mangalore,0.74
2019-08-31,Meerut,12.27
2019-08-31,Moradabad,12.27
2019-08-31,Mumbai,5.26
2019-08-31,Mysuru,0.74
2019-08-31,Nashik,5.26
2019-08-31,Patna,11.84
2019-08-31,Prayagraj,12.27
2019-08-31,Puducherry,7.47
2019-08-31,Pune,5.26
2019-08-31,Shillong,1.6
2019-08-31,Solapur,5.26
2019-08-31,Srinagar,22.45
2019-08-31,Thiruvananthapuram,9.13
2019-08-31,Varanasi,12.27
2019-08-31,Vijayawada,3.68
2019-08-31,Visakhapatnam,3.68
2019-09-30,Agartala,31.23
2019-09-30,Agra,8.11
2019-09-30,Aizwal,7.14
2019-09-30,Amritsar,11.29
2019-09-30,Asansol,6.41
2019-09-30,Aurangabad,5.55
2019-09-30,Bareilly,8.11
2019-09-30,Belgaum,3.31
2019-09-30,Bengaluru,3.31
2019-09-30,Bhilai,8.63
2019-09-30,Bhopal,4.37
2019-09-30,Chandigarh,11.29
2019-09-30,Chennai,1.8
2019-09-30,Coimbatore,1.8
2019-09-30,Dehradun,5.07
2019-09-30,Delhi,20.38
2019-09-30,Faridabad,20.19
2019-09-30,Gandhinagar,6.15
2019-09-30,Gangtok,6.41
2019-09-30,Ghaziabad,8.11
2019-09-30,Gorakhpur,8.11
2019-09-30,Gwalior,4.37
2019-09-30,Hyderabad,4.82
2019-09-30,Imphal,7.14
2019-09-30,Indore,4.37
2019-09-30,Jabalpur,4.37
2019-09-30,Jaipur,7.52
2019-09-30,Jalandhar,11.29
2019-09-30,Jodhpur,7.52
2019-09-30,Kanpur,8.11
2019-09-30,Kochi,5.43
2019-09-30,Kohima,7.14
2019-09-30,Kolkata,6.41
2019-09-30,Kota,7.52
2019-09-30,Kozhikode,5.43
2019-09-30,Lucknow,8.11
2019-09-30,Ludhiana,11.29
2019-09-30,Mangalore,3.31
2019-09-30,Meerut,8.11
2019-09-30,Moradabad,8.11
2019-09-30,Mumbai,5.55
2019-09-30,Mysuru,3.31
2019-09-30,Nashik,5.55
2019-09-30,Patna,10.1
2019-09-30,Prayagraj,8.11
2019-09-30,Puducherry,0.76
2019-09-30,Pune,5.55
2019-09-30,Shillong,1.19
2019-09-30,Solapur,5.55
2019-09-30,Srinagar,19.87
2019-09-30,Thiruvananthapuram,5.43
2019-09-30,Varanasi,8.11
2019-09-30,Vijayawada,5.41
2019-09-30,Visakhapatnam,5.41
2019-10-31,Agartala,27.31
2019-10-31,Agra,10.22
2019-10-31,Aizwal,8.1
2019-10-31,Amritsar,12.97
2019-10-31,Asansol,7.1
2019-10-31,Aurangabad,5.38
2019-10-31,Bareilly,10.22
2019-10-31,Belgaum,5.83
2019-10-31,Bengaluru,5.83
2019-10-31,Bhilai,7.8
2019-10-31,Bhopal,3.38
2019-10-31,Chandigarh,12.97
2019-10-31,Chennai,1.31
2019-10-31,Coimbatore,1.31
2019-10-31,Dehradun,4.8
2019-10-31,Delhi,12.49
2019-10-31,Faridabad,23.04
2019-10-31,Gandhinagar,5.15
2019-10-31,Gangtok,7.1
2019-10-31,Ghaziabad,10.22
2019-10-31,Gorakhpur,10.22
2019-10-31,Gwalior,3.38
2019-10-31,Hyderabad,7.11
2019-10-31,Imphal,8.1
2019-10-31,Indore,3.38
2019-10-31,Jabalpur,3.38
2019-10-31,Jaipur,14.24
2019-10-31,Jalandhar,12.97
2019-10-31,Jodhpur,14.24
2019-10-31,Kanpur,10.22
2019-10-31,Kochi,7.41
2019-10-31,Kohima,8.1
2019-10-31,Kolkata,7.1
2019-10-31,Kota,14.24
2019-10-31,Kozhikode,7.41
2019-10-31,Lucknow,10.22
2019-10-31,Ludhiana,12.97
2019-10-31,Mangalore,5.83
2019-10-31,Meerut,10.22
2019-10-31,Moradabad,10.22
2019-10-31,Mumbai,5.38
2019-10-31,Mysuru,5.83
2019-10-31,Nashik,5.38
2019-10-31,Patna,12.66
2019-10-31,Prayagraj,10.22
2019-10-31,Puducherry,1.17
2019-10-31,Pune,5.38
2019-10-31,Shillong,4.35
2019-10-31,Solapur,5.38
2019-10-31,Srinagar,20.73
2019-10-31,Thiruvananthapuram,7.41
2019-10-31,Varanasi,10.22
2019-10-31,Vijayawada,3.86
2019-10-31,Visakhapatnam,3.86
2019-11-30,Agartala,25.8
2019-11-30,Agra,8.05
2019-11-30,Aizwal,7.23
2019-11-30,Amritsar,8.29
2019-11-30,Asansol,6.06
2019-11-30,Aurangabad,5.34
2019-11-30,Bareilly,8.05
2019-11-30,Belgaum,2.16
2019-11-30,Bengaluru,2.16
2019-11-30,Bhilai,4.23
2019-11-30,Bhopal,3.69
2019-11-30,Chandigarh,8.29
2019-11-30,Chennai,2.54
2019-11-30,Coimbatore,2.54
2019-11-30,Dehradun,5.8
2019-11-30,Delhi,15.96
2019-11-30,Faridabad,20.36
2019-11-30,Gandhinagar,5.86
2019-11-30,Gangtok,9.71
2019-11-30,Ghaziabad,8.05
2019-11-30,Gorakhpur,8.05
2019-11-30,Gwalior,3.69
2019-11-30,Hyderabad,6.07
2019-11-30,Imphal,7.23
2019-11-30,Indore,3.69
2019-11-30,Jabalpur,3.69
2019-11-30,Jaipur,11.49
2019-11-30,Jalandhar,8.29
2019-11-30,Jodhpur,11.49
2019-11-30,Kanpur,8.05
2019-11-30,Kochi,5.81
2019-11-30,Kohima,7.23
2019-11-30,Kolkata,6.06
2019-11-30,Kota,11.49
2019-11-30,Kozhikode,5.81
2019-11-30,Lucknow,8.05
2019-11-30,Ludhiana,8.29
2019-11-30,Mangalore,2.16
2019-11-30,Meerut,8.05
2019-11-30,Moradabad,8.05
2019-11-30,Mumbai,5.34
2019-11-30,Mysuru,2.16
2019-11-30,Nashik,5.34
2019-11-30,Patna,13.07
2019-11-30,Prayagraj,8.05
2019-11-30,Puducherry,0.91
2019-11-30,Pune,5.34
2019-11-30,Shillong,1.8
2019-11-30,Solapur,5.34
2019-11-30,Srinagar,14.58
2019-11-30,Thiruvananthapuram,5.81
2019-11-30,Varanasi,8.05
2019-11-30,Vijayawada,5.14
2019-11-30,Visakhapatnam,5.14
2019-12-31,Agartala,28.59
2019-12-31,Agra,9.39
2019-12-31,Aizwal,7.6
2019-12-31,Amritsar,8.36
2019-12-31,Asansol,6.25
2019-12-31,Aurangabad,4.94
2019-12-31,Bareilly,9.39
2019-12-31,Belgaum,0.88
2019-12-31,Bengaluru,0.88
2019-12-31,Bhilai,5.44
2019-12-31,Bhopal,3.9
2019-12-31,Chandigarh,8.36
2019-12-31,Chennai,5.7
2019-12-31,Coimbatore,5.7
2019-12-31,Dehradun,5.41
2019-12-31,Delhi,11.23
2019-12-31,Faridabad,27.56
2019-12-31,Gandhinagar,4.42
2019-12-31,Gangtok,3.34
2019-12-31,Ghaziabad,9.39
2019-12-31,Gorakhpur,9.39
2019-12-31,Gwalior,3.9
2019-12-31,Hyderabad,2.3
2019-12-31,Imphal,7.6
2019-12-31,Indore,3.9
2019-12-31,Jabalpur,3.9
2019-12-31,Jaipur,15.01
2019-12-31,Jalandhar,8.36
2019-12-31,Jodhpur,15.01
2019-12-31,Kanpur,9.39
2019-12-31,Kochi,9.19
2019-12-31,Kohima,7.6
2019-12-31,Kolkata,6.25
2019-12-31,Kota,15.01
2019-12-31,Kozhikode,9.19
2019-12-31,Lucknow,9.39
2019-12-31,Ludhiana,8.36
2019-12-31,Mangalore,0.88
2019-12-31,Meerut,9.39
2019-12-31,Moradabad,9.39
2019-12-31,Mumbai,4.94
2019-12-31,Mysuru,0.88
2019-12-31,Nashik,4.94
2019-12-31,Patna,10.73
2019-12-31,Prayagraj,9.39
2019-12-31,Puducherry,4.05
2019-12-31,Pune,4.94
2019-12-31,Shillong,2.48
2019-12-31,Solapur,4.94
2019-12-31,Srinagar,12.48
2019-12-31,Thiruvananthapuram,9.19
2019-12-31,Varanasi,9.39
2019-12-31,Vijayawada,5.39
2019-12-31,Visakhapatnam,5.39
2020-01-31,Agartala,32.67
2020-01-31,Agra,7.58
2020-01-31,Aizwal,7.22
2020-01-31,Amritsar,11.11
2020-01-31,Asansol,6.94
2020-01-31,Aurangabad,4.95
2020-01-31,Bareilly,7.58
2020-01-31,Belgaum,2.86
2020-01-31,Bengaluru,2.86
2020-01-31,Bhilai,9.65
2020-01-31,Bhopal,4.11
2020-01-31,Chandigarh,11.11
2020-01-31,Chennai,1.57
2020-01-31,Coimbatore,1.57
2020-01-31,Dehradun,5.49
2020-01-31,Delhi,22.23
2020-01-31,Faridabad,20.34
2020-01-31,Gandhinagar,5.54
2020-01-31,Ghaziabad,7.58
2020-01-31,Gorakhpur,7.58
2020-01-31,Gwalior,4.11
2020-01-31,Hyderabad,5.49
2020-01-31,Imphal,7.22
2020-01-31,Indore,4.11
2020-01-31,Jabalpur,4.11
2020-01-31,Jaipur,10.97
2020-01-31,Jalandhar,11.11
2020-01-31,Jodhpur,10.97
2020-01-31,Kanpur,7.58
2020-01-31,Kochi,5.31
2020-01-31,Kohima,7.22
2020-01-31,Kolkata,6.94
2020-01-31,Kota,10.97
2020-01-31,Kozhikode,5.31
2020-01-31,Lucknow,7.58
2020-01-31,Ludhiana,11.11
2020-01-31,Mangalore,2.86
2020-01-31,Meerut,7.58
2020-01-31,Moradabad,7.58
2020-01-31,Mumbai,4.95
2020-01-31,Mysuru,2.86
2020-01-31,Nashik,4.95
2020-01-31,Patna,10.61
2020-01-31,Prayagraj,7.58
2020-01-31,Puducherry,0.58
2020-01-31,Pune,4.95
2020-01-31,Shillong,1.66
2020-01-31,Solapur,4.95
2020-01-31,Srinagar,21.08
2020-01-31,Thiruvananthapuram,5.31
2020-01-31,Varanasi,7.58
2020-01-31,Vijayawada,5.48
2020-01-31,Visakhapatnam,5.48
2020-02-29,Agartala,28.4
2020-02-29,Agra,8.98
2020-02-29,Aizwal,7.76
2020-02-29,Amritsar,10.97
2020-02-29,Asansol,4.92
2020-02-29,Aurangabad,4.69
2020-02-29,Bareilly,8.98
2020-02-29,Belgaum,3.61
2020-02-29,Bengaluru,3.61
2020-02-29,Bhilai,8.38
2020-02-29,Bhopal,4.57
2020-02-29,Chandigarh,10.97
2020-02-29,Chennai,2.09
2020-02-29,Coimbatore,2.09
2020-02-29,Dehradun,4.99
2020-02-29,Delhi,14.84
2020-02-29,Faridabad,25.77
2020-02-29,Gandhinagar,6.38
2020-02-29,Ghaziabad,8.98
2020-02-29,Gorakhpur,8.98
2020-02-29,Gwalior,4.57
2020-02-29,Hyderabad,8.29
2020-02-29,Imphal,7.76
2020-02-29,Indore,4.57
2020-02-29,Jabalpur,4.57
2020-02-29,Jaipur,15.16
2020-02-29,Jalandhar,10.97
2020-02-29,Jodhpur,15.16
2020-02-29,Kanpur,8.98
2020-02-29,Kochi,7.6
2020-02-29,Kohima,7.76
2020-02-29,Kolkata,4.92
2020-02-29,Kota,15.16
2020-02-29,Kozhikode,7.6
2020-02-29,Lucknow,8.98
2020-02-29,Ludhiana,10.97
2020-02-29,Mangalore,3.61
2020-02-29,Meerut,8.98
2020-02-29,Moradabad,8.98
2020-02-29,Mumbai,4.69
2020-02-29,Mysuru,3.61
2020-02-29,Nashik,4.69
2020-02-29,Patna,10.29
2020-02-29,Prayagraj,8.98
2020-02-29,Puducherry,1.76
2020-02-29,Pune,4.69
2020-02-29,Shillong,3.59
2020-02-29,Solapur,4.69
2020-02-29,Srinagar,20.78
2020-02-29,Thiruvananthapuram,7.6
2020-02-29,Varanasi,8.98
2020-02-29,Vijayawada,5.83
2020-02-29,Visakhapatnam,5.83
2020-03-31,Agartala,29.95
2020-03-31,Agra,10.11
2020-03-31,Aizwal,8.75
2020-03-31,Amritsar,10.32
2020-03-31,Asansol,6.92
2020-03-31,Aurangabad,5.79
2020-03-31,Bareilly,10.11
2020-03-31,Belgaum,3.46
2020-03-31,Bengaluru,3.46
2020-03-31,Bhilai,7.54
2020-03-31,Bhopal,2.22
2020-03-31,Chandigarh,10.32
2020-03-31,Chennai,6.4
2020-03-31,Coimbatore,6.4
2020-03-31,Dehradun,19.85
2020-03-31,Delhi,17.04
2020-03-31,Faridabad,25.05
2020-03-31,Gandhinagar,6.66
2020-03-31,Gangtok,23.57
2020-03-31,Ghaziabad,10.11
2020-03-31,Gorakhpur,10.11
2020-03-31,Gwalior,2.22
2020-03-31,Hyderabad,5.77
2020-03-31,Imphal,8.75
2020-03-31,Indore,2.22
2020-03-31,Jabalpur,2.22
2020-03-31,Jaipur,11.9
2020-03-31,Jalandhar,10.32
2020-03-31,Jodhpur,11.9
2020-03-31,Kanpur,10.11
2020-03-31,Kochi,8.99
2020-03-31,Kohima,8.75
2020-03-31,Kolkata,6.92
2020-03-31,Kota,11.9
2020-03-31,Kozhikode,8.99
2020-03-31,Lucknow,10.11
2020-03-31,Ludhiana,10.32
2020-03-31,Mangalore,3.46
2020-03-31,Meerut,10.11
2020-03-31,Moradabad,10.11
2020-03-31,Mumbai,5.79
2020-03-31,Mysuru,3.46
2020-03-31,Nashik,5.79
2020-03-31,Patna,15.43
2020-03-31,Prayagraj,10.11
2020-03-31,Puducherry,1.2
2020-03-31,Pune,5.79
2020-03-31,Shillong,1.58
2020-03-31,Solapur,5.79
2020-03-31,Srinagar,15.5
2020-03-31,Thiruvananthapuram,8.99
2020-03-31,Varanasi,10.11
2020-03-31,Vijayawada,5.79
2020-03-31,Visakhapatnam,5.79
2020-04-30,Agartala,41.23
2020-04-30,Agra,21.54
2020-04-30,Aizwal,23.52
2020-04-30,Amritsar,2.86
2020-04-30,Asansol,17.41
2020-04-30,Aurangabad,20.9
2020-04-30,Bareilly,21.54
2020-04-30,Belgaum,29.84
2020-04-30,Bengaluru,29.84
2020-04-30,Bhilai,3.41
2020-04-30,Bhopal,12.36
2020-04-30,Chandigarh,2.86
2020-04-30,Chennai,49.83
2020-04-30,Coimbatore,49.83
2020-04-30,Dehradun,6.48
2020-04-30,Delhi,16.68
2020-04-30,Faridabad,43.22
2020-04-30,Gandhinagar,18.71
2020-04-30,Gangtok,2.28
2020-04-30,Ghaziabad,21.54
2020-04-30,Gorakhpur,21.54
2020-04-30,Gwalior,12.36
2020-04-30,Hyderabad,6.25
2020-04-30,Imphal,23.52
2020-04-30,Indore,12.36
2020-04-30,Jabalpur,12.36
2020-04-30,Jaipur,17.7
2020-04-30,Jalandhar,2.86
2020-04-30,Jodhpur,17.7
2020-04-30,Kanpur,21.54
2020-04-30,Kochi,16.99
2020-04-30,Kohima,23.52
2020-04-30,Kolkata,17.41
2020-04-30,Kota,17.7
2020-04-30,Kozhikode,16.99
2020-04-30,Lucknow,21.54
2020-04-30,Ludhiana,2.86
2020-04-30,Mangalore,29.84
2020-04-30,Meerut,21.54
2020-04-30,Moradabad,21.54
2020-04-30,Mumbai,20.9
2020-04-30,Mysuru,29.84
2020-04-30,Nashik,20.9
2020-04-30,Patna,46.64
2020-04-30,Prayagraj,21.54
2020-04-30,Puducherry,75.85
2020-04-30,Pune,20.9
2020-04-30,Shillong,10.03
2020-04-30,Solapur,20.9
2020-04-30,Thiruvananthapuram,16.99
2020-04-30,Varanasi,21.54
2020-04-30,Vijayawada,20.51
2020-04-30,Visakhapatnam,20.51
2020-05-31,Agartala,21.51
2020-05-31,Agra,20.41
2020-05-31,Aizwal,21.73
2020-05-31,Amritsar,28.33
2020-05-31,Asansol,17.41
2020-05-31,Aurangabad,15.46
2020-05-31,Bareilly,20.41
2020-05-31,Belgaum,19.97
2020-05-31,Bengaluru,19.97
2020-05-31,Bhilai,10.5
2020-05-31,Bhopal,21.98
2020-05-31,Chandigarh,28.33
2020-05-31,Chennai,33.16
2020-05-31,Coimbatore,33.16
2020-05-31,Dehradun,8.01
2020-05-31,Delhi,42.27
2020-05-31,Faridabad,29.02
2020-05-31,Gandhinagar,12.11
2020-05-31,Gangtok,24.51
2020-05-31,Ghaziabad,20.41
2020-05-31,Gorakhpur,20.41
2020-05-31,Gwalior,21.98
2020-05-31,Hyderabad,14.7
2020-05-31,Imphal,21.73
2020-05-31,Indore,21.98
2020-05-31,Jabalpur,21.98
2020-05-31,Jaipur,15.74
2020-05-31,Jalandhar,28.33
2020-05-31,Jodhpur,15.74
2020-05-31,Kanpur,20.41
2020-05-31,Kochi,17.88
2020-05-31,Kohima,21.73
2020-05-31,Kolkata,17.41
2020-05-31,Kota,15.74
2020-05-31,Kozhikode,17.88
2020-05-31,Lucknow,20.41
2020-05-31,Ludhiana,28.33
2020-05-31,Mangalore,19.97
2020-05-31,Meerut,20.41
2020-05-31,Moradabad,20.41
2020-05-31,Mumbai,15.46
2020-05-31,Mysuru,19.97
2020-05-31,Nashik,15.46
2020-05-31,Patna,45.96
2020-05-31,Prayagraj,20.41
2020-05-31,Puducherry,58.19
2020-05-31,Pune,15.46
2020-05-31,Shillong,5.92
2020-05-31,Solapur,15.46
2020-05-31,Srinagar,18.74
2020-05-31,Thiruvananthapuram,17.88
2020-05-31,Varanasi,20.41
2020-05-31,Vijayawada,17.43
2020-05-31,Visakhapatnam,17.43
2020-06-30,Agartala,21.71
2020-06-30,Agra,9.47
2020-06-30,Aizwal,10.18
2020-06-30,Amritsar,16.55
2020-06-30,Asansol,7.29
2020-06-30,Aurangabad,9.23
2020-06-30,Bareilly,9.47
2020-06-30,Belgaum,8.44
2020-06-30,Bengaluru,8.44
2020-06-30,Bhilai,14.23
2020-06-30,Bhopal,6.48
2020-06-30,Chandigarh,16.55
2020-06-30,Chennai,12.2
2020-06-30,Coimbatore,12.2
2020-06-30,Dehradun,8.61
2020-06-30,Delhi,18.19
2020-06-30,Faridabad,26.7
2020-06-30,Gandhinagar,3.2
2020-06-30,Gangtok,4.46
2020-06-30,Ghaziabad,9.47
2020-06-30,Gorakhpur,9.47
2020-06-30,Gwalior,6.48
2020-06-30,Hyderabad,10.55
2020-06-30,Imphal,10.18
2020-06-30,Indore,6.48
2020-06-30,Jabalpur,6.48
2020-06-30,Jaipur,14.39
2020-06-30,Jalandhar,16.55
2020-06-30,Jodhpur,14.39
2020-06-30,Kanpur,9.47
2020-06-30,Kochi,9.71
2020-06-30,Kohima,10.18
2020-06-30,Kolkata,7.29
2020-06-30,Kota,14.39
2020-06-30,Kozhikode,9.71
2020-06-30,Lucknow,9.47
2020-06-30,Ludhiana,16.55
2020-06-30,Mangalore,8.44
2020-06-30,Meerut,9.47
2020-06-30,Moradabad,9.47
2020-06-30,Mumbai,9.23
2020-06-30,Mysuru,8.44
2020-06-30,Nashik,9.23
2020-06-30,Patna,17.82
2020-06-30,Prayagraj,9.47
2020-06-30,Puducherry,4.24
2020-06-30,Pune,9.23
2020-06-30,Shillong,1.15
2020-06-30,Solapur,9.23
2020-06-30,Srinagar,17.92
2020-06-30,Thiruvananthapuram,9.71
2020-06-30,Varanasi,9.47
2020-06-30,Vijayawada,3.31
2020-06-30,Visakhapatnam,3.31
2020-07-31,Agartala,18.24
2020-07-31,Agra,5.56
2020-07-31,Aizwal,7.4
2020-07-31,Amritsar,9.19
2020-07-31,Asansol,6.83
2020-07-31,Aurangabad,3.89
2020-07-31,Bareilly,5.56
2020-07-31,Belgaum,4.01
2020-07-31,Bengaluru,4.01
2020-07-31,Bhilai,10.27
2020-07-31,Bhopal,5.08
2020-07-31,Chandigarh,9.19
2020-07-31,Chennai,6.81
2020-07-31,Coimbatore,6.81
2020-07-31,Dehradun,12.38
2020-07-31,Delhi,20.3
2020-07-31,Faridabad,24.18
2020-07-31,Gandhinagar,1.84
2020-07-31,Gangtok,4.45
2020-07-31,Ghaziabad,5.56
2020-07-31,Gorakhpur,5.56
2020-07-31,Gwalior,5.08
2020-07-31,Hyderabad,5.36
2020-07-31,Imphal,7.4
2020-07-31,Indore,5.08
2020-07-31,Jabalpur,5.08
2020-07-31,Jaipur,15.81
2020-07-31,Jalandhar,9.19
2020-07-31,Jodhpur,15.81
2020-07-31,Kanpur,5.56
2020-07-31,Kochi,7.09
2020-07-31,Kohima,7.4
2020-07-31,Kolkata,6.83
2020-07-31,Kota,15.81
2020-07-31,Kozhikode,7.09
2020-07-31,Lucknow,5.56
2020-07-31,Ludhiana,9.19
2020-07-31,Mangalore,4.01
2020-07-31,Meerut,5.56
2020-07-31,Moradabad,5.56
2020-07-31,Mumbai,3.89
2020-07-31,Mysuru,4.01
2020-07-31,Nashik,3.89
2020-07-31,Patna,12.79
2020-07-31,Prayagraj,5.56
2020-07-31,Puducherry,15.47
2020-07-31,Pune,3.89
2020-07-31,Shillong,2.1
2020-07-31,Solapur,3.89
2020-07-31,Srinagar,10.88
2020-07-31,Thiruvananthapuram,7.09
2020-07-31,Varanasi,5.56
2020-07-31,Vijayawada,8.34
2020-07-31,Visakhapatnam,8.34
2020-08-31,Agartala,27.92
2020-08-31,Agra,5.79
2020-08-31,Aizwal,8.35
2020-08-31,Amritsar,10.99
2020-08-31,Asansol,14.87
2020-08-31,Aurangabad,6.23
2020-08-31,Bareilly,5.79
2020-08-31,Belgaum,0.5
2020-08-31,Bengaluru,0.5
2020-08-31,Bhilai,5.63
2020-08-31,Bhopal,4.7
2020-08-31,Chandigarh,10.99
2020-08-31,Chennai,2.65
2020-08-31,Coimbatore,2.65
2020-08-31,Dehradun,14.26
2020-08-31,Delhi,13.79
2020-08-31,Faridabad,33.5
2020-08-31,Gandhinagar,1.87
2020-08-31,Gangtok,12.49
2020-08-31,Ghaziabad,5.79
2020-08-31,Gorakhpur,5.79
2020-08-31,Gwalior,4.7
2020-08-31,Hyderabad,5.79
2020-08-31,Imphal,8.35
2020-08-31,Indore,4.7
2020-08-31,Jabalpur,4.7
2020-08-31,Jaipur,17.51
2020-08-31,Jalandhar,10.99
2020-08-31,Jodhpur,17.51
2020-08-31,Kanpur,5.79
2020-08-31,Kochi,10.98
2020-08-31,Kohima,8.35
2020-08-31,Kolkata,14.87
2020-08-31,Kota,17.51
2020-08-31,Kozhikode,10.98
2020-08-31,Lucknow,5.79
2020-08-31,Ludhiana,10.99
2020-08-31,Mangalore,0.5
2020-08-31,Meerut,5.79
2020-08-31,Moradabad,5.79
2020-08-31,Mumbai,6.23
2020-08-31,Mysuru,0.5
2020-08-31,Nashik,6.23
2020-08-31,Patna,13.44
2020-08-31,Prayagraj,5.79
2020-08-31,Puducherry,5.05
2020-08-31,Pune,6.23
2020-08-31,Shillong,3.74
2020-08-31,Solapur,6.23
2020-08-31,Srinagar,11.09
2020-08-31,Thiruvananthapuram,10.98
2020-08-31,Varanasi,5.79
2020-08-31,Vijayawada,6.96
2020-08-31,Visakhapatnam,6.96
2020-09-30,Agartala,17.35
2020-09-30,Agra,4.18
2020-09-30,Aizwal,6.68
2020-09-30,Amritsar,9.61
2020-09-30,Asansol,9.31
2020-09-30,Aurangabad,4.54
2020-09-30,Bareilly,4.18
2020-09-30,Belgaum,2.4
2020-09-30,Bengaluru,2.4
2020-09-30,Bhilai,1.99
2020-09-30,Bhopal,3.93
2020-09-30,Chandigarh,9.61
2020-09-30,Chennai,5.0
2020-09-30,Coimbatore,5.0
2020-09-30,Dehradun,22.26
2020-09-30,Delhi,12.53
2020-09-30,Faridabad,19.33
2020-09-30,Gandhinagar,3.41
2020-09-30,Gangtok,5.7
2020-09-30,Ghaziabad,4.18
2020-09-30,Gorakhpur,4.18
2020-09-30,Gwalior,3.93
2020-09-30,Hyderabad,3.27
2020-09-30,Imphal,6.68
2020-09-30,Indore,3.93
2020-09-30,Jabalpur,3.93
2020-09-30,Jaipur,15.35
2020-09-30,Jalandhar,9.61
2020-09-30,Jodhpur,15.35
2020-09-30,Kanpur,4.18
2020-09-30,Kochi,5.91
2020-09-30,Kohima,6.68
2020-09-30,Kolkata,9.31
2020-09-30,Kota,15.35
2020-09-30,Kozhikode,5.91
2020-09-30,Lucknow,4.18
2020-09-30,Ludhiana,9.61
2020-09-30,Mangalore,2.4
2020-09-30,Meerut,4.18
2020-09-30,Moradabad,4.18
2020-09-30,Mumbai,4.54
2020-09-30,Mysuru,2.4
2020-09-30,Nashik,4.54
2020-09-30,Patna,11.91
2020-09-30,Prayagraj,4.18
2020-09-30,Puducherry,10.9
2020-09-30,Pune,4.54
2020-09-30,Shillong,4.29
2020-09-30,Solapur,4.54
2020-09-30,Srinagar,16.17
2020-09-30,Thiruvananthapuram,5.91
2020-09-30,Varanasi,4.18
2020-09-30,Vijayawada,6.4
2020-09-30,Visakhapatnam,6.4
2020-10-31,Agartala,11.57
2020-10-31,Agra,3.75
2020-10-31,Aizwal,7.02
2020-10-31,Amritsar,9.83
2020-10-31,Asansol,10.22
2020-10-31,Aurangabad,4.2
2020-10-31,Bareilly,3.75
2020-10-31,Belgaum,1.58
2020-10-31,Bengaluru,1.58
2020-10-31,Bhilai,6.66
2020-10-31,Bhopal,3.26
2020-10-31,Chandigarh,9.83
2020-10-31,Chennai,2.16
2020-10-31,Coimbatore,2.16
2020-10-31,Dehradun,9.23
2020-10-31,Delhi,6.27
2020-10-31,Faridabad,27.32
2020-10-31,Gandhinagar,4.03
2020-10-31,Gangtok,0.88
2020-10-31,Ghaziabad,3.75
2020-10-31,Gorakhpur,3.75
2020-10-31,Gwalior,3.26
2020-10-31,Hyderabad,2.93
2020-10-31,Imphal,7.02
2020-10-31,Indore,3.26
2020-10-31,Jabalpur,3.26
2020-10-31,Jaipur,24.1
2020-10-31,Jalandhar,9.83
2020-10-31,Jodhpur,24.1
2020-10-31,Kanpur,3.75
2020-10-31,Kochi,3.88
2020-10-31,Kohima,7.02
2020-10-31,Kolkata,10.22
2020-10-31,Kota,24.1
2020-10-31,Kozhikode,3.88
2020-10-31,Lucknow,3.75
2020-10-31,Ludhiana,9.83
2020-10-31,Mangalore,1.58
2020-10-31,Meerut,3.75
2020-10-31,Moradabad,3.75
2020-10-31,Mumbai,4.2
2020-10-31,Mysuru,1.58
2020-10-31,Nashik,4.2
2020-10-31,Patna,9.82
2020-10-31,Prayagraj,3.75
2020-10-31,Puducherry,6.18
2020-10-31,Pune,4.2
2020-10-31,Shillong,4.6
2020-10-31,Solapur,4.2
2020-10-31,Srinagar,16.14
2020-10-31,Thiruvananthapuram,3.88
2020-10-31,Varanasi,3.75
2020-10-31,Vijayawada,6.64
2020-10-31,Visakhapatnam,6.64
2020-11-30,Agartala,13.06
2020-11-30,Agra,5.16
2020-11-30,Aizwal,6.5
2020-11-30,Amritsar,7.64
2020-11-30,Asansol,11.24
2020-11-30,Aurangabad,2.98
2020-11-30,Bareilly,5.16
2020-11-30,Belgaum,1.86
2020-11-30,Bengaluru,1.86
2020-11-30,Bhilai,3.38
2020-11-30,Bhopal,4.34
2020-11-30,Chandigarh,7.64
2020-11-30,Chennai,1.15
2020-11-30,Coimbatore,1.15
2020-11-30,Dehradun,1.47
2020-11-30,Delhi,6.57
2020-11-30,Faridabad,25.61
2020-11-30,Gandhinagar,3.86
2020-11-30,Gangtok,1.85
2020-11-30,Ghaziabad,5.16
2020-11-30,Gorakhpur,5.16
2020-11-30,Gwalior,4.34
2020-11-30,Hyderabad,1.56
2020-11-30,Imphal,6.5
2020-11-30,Indore,4.34
2020-11-30,Jabalpur,4.34
2020-11-30,Jaipur,18.52
2020-11-30,Jalandhar,7.64
2020-11-30,Jodhpur,18.52
2020-11-30,Kanpur,5.16
2020-11-30,Kochi,5.83
2020-11-30,Kohima,6.5
2020-11-30,Kolkata,11.24
2020-11-30,Kota,18.52
2020-11-30,Kozhikode,5.83
2020-11-30,Lucknow,5.16
2020-11-30,Ludhiana,7.64
2020-11-30,Mangalore,1.86
2020-11-30,Meerut,5.16
2020-11-30,Moradabad,5.16
2020-11-30,Mumbai,2.98
2020-11-30,Mysuru,1.86
2020-11-30,Nashik,2.98
2020-11-30,Patna,9.98
2020-11-30,Prayagraj,5.16
2020-11-30,Puducherry,2.18
2020-11-30,Pune,2.98
2020-11-30,Shillong,1.12
2020-11-30,Solapur,2.98
2020-11-30,Srinagar,8.55
2020-11-30,Thiruvananthapuram,5.83
2020-11-30,Varanasi,5.16
2020-11-30,Vijayawada,6.02
2020-11-30,Visakhapatnam,6.02
2020-12-31,Agartala,18.21
2020-12-31,Agra,14.95
2020-12-31,Aizwal,9.06
2020-12-31,Amritsar,4.37
2020-12-31,Asansol,6.01
2020-12-31,Aurangabad,3.9
2020-12-31,Bareilly,14.95
2020-12-31,Belgaum,1.39
2020-12-31,Bengaluru,1.39
2020-12-31,Bhilai,7.2
2020-12-31,Bhopal,3.99
2020-12-31,Chandigarh,4.37
2020-12-31,Chennai,0.53
2020-12-31,Coimbatore,0.53
2020-12-31,Dehradun,5.19
2020-12-31,Delhi,7.56
2020-12-31,Faridabad,32.49
2020-12-31,Gandhinagar,3.05
2020-12-31,Gangtok,0.67
2020-12-31,Ghaziabad,14.95
2020-12-31,Gorakhpur,14.95
2020-12-31,Gwalior,3.99
2020-12-31,Hyderabad,7.05
2020-12-31,Imphal,9.06
2020-12-31,Indore,3.99
2020-12-31,Jabalpur,3.99
2020-12-31,Jaipur,28.23
2020-12-31,Jalandhar,4.37
2020-12-31,Jodhpur,28.23
2020-12-31,Kanpur,14.95
2020-12-31,Kochi,6.45
2020-12-31,Kohima,9.06
2020-12-31,Kolkata,6.01
2020-12-31,Kota,28.23
2020-12-31,Kozhikode,6.45
2020-12-31,Lucknow,14.95
2020-12-31,Ludhiana,4.37
2020-12-31,Mangalore,1.39
2020-12-31,Meerut,14.95
2020-12-31,Moradabad,14.95
2020-12-31,Mumbai,3.9
2020-12-31,Mysuru,1.39
2020-12-31,Nashik,3.9
2020-12-31,Patna,12.65
2020-12-31,Prayagraj,14.95
2020-12-31,Puducherry,2.7
2020-12-31,Pune,3.9
2020-12-31,Shillong,6.58
2020-12-31,Solapur,3.9
2020-12-31,Srinagar,16.61
2020-12-31,Thiruvananthapuram,6.45
2020-12-31,Varanasi,14.95
2020-12-31,Vijayawada,6.71
2020-12-31,Visakhapatnam,6.71
2021-01-31,Agartala,18.15
2021-01-31,Agra,4.89
2021-01-31,Aizwal,6.52
2021-01-31,Amritsar,8.09
2021-01-31,Asansol,5.25
2021-01-31,Aurangabad,3.79
2021-01-31,Bareilly,4.89
2021-01-31,Belgaum,3.28
2021-01-31,Bengaluru,3.28
2021-01-31,Bhilai,6.38
2021-01-31,Bhopal,6.15
2021-01-31,Chandigarh,8.09
2021-01-31,Chennai,3.99
2021-01-31,Coimbatore,3.99
2021-01-31,Dehradun,4.45
2021-01-31,Delhi,12.51
2021-01-31,Faridabad,17.65
2021-01-31,Gandhinagar,3.19
2021-01-31,Gangtok,0.0
2021-01-31,Ghaziabad,4.89
2021-01-31,Gorakhpur,4.89
2021-01-31,Gwalior,6.15
2021-01-31,Hyderabad,4.26
2021-01-31,Imphal,6.52
2021-01-31,Indore,6.15
2021-01-31,Jabalpur,6.15
2021-01-31,Jaipur,17.69
2021-01-31,Jalandhar,8.09
2021-01-31,Jodhpur,17.69
2021-01-31,Kanpur,4.89
2021-01-31,Kochi,5.46
2021-01-31,Kohima,6.52
2021-01-31,Kolkata,5.25
2021-01-31,Kota,17.69
2021-01-31,Kozhikode,5.46
2021-01-31,Lucknow,4.89
2021-01-31,Ludhiana,8.09
2021-01-31,Mangalore,3.28
2021-01-31,Meerut,4.89
2021-01-31,Moradabad,4.89
2021-01-31,Mumbai,3.79
2021-01-31,Mysuru,3.28
2021-01-31,Nashik,3.79
2021-01-31,Patna,10.5
2021-01-31,Prayagraj,4.89
2021-01-31,Puducherry,7.56
2021-01-31,Pune,3.79
2021-01-31,Shillong,3.28
2021-01-31,Solapur,3.79
2021-01-31,Srinagar,21.9
2021-01-31,Thiruvananthapuram,5.46
2021-01-31,Varanasi,4.89
2021-01-31,Vijayawada,4.48
2021-01-31,Visakhapatnam,4.48
2021-02-28,Agartala,11.05
2021-02-28,Agra,4.1
2021-02-28,Aizwal,6.89
2021-02-28,Amritsar,7.21
2021-02-28,Asansol,6.22
2021-02-28,Aurangabad,3.75
2021-02-28,Bareilly,4.1
2021-02-28,Belgaum,2.5
2021-02-28,Bengaluru,2.5
2021-02-28,Bhilai,5.99
2021-02-28,Bhopal,2.02
2021-02-28,Chandigarh,7.21
2021-02-28,Chennai,4.79
2021-02-28,Coimbatore,4.79
2021-02-28,Dehradun,4.69
2021-02-28,Delhi,7.99
2021-02-28,Faridabad,26.31
2021-02-28,Gandhinagar,3.17
2021-02-28,Gangtok,4.29
2021-02-28,Ghaziabad,4.1
2021-02-28,Gorakhpur,4.1
2021-02-28,Gwalior,2.02
2021-02-28,Hyderabad,5.58
2021-02-28,Imphal,6.89
2021-02-28,Indore,2.02
2021-02-28,Jabalpur,2.02
2021-02-28,Jaipur,25.63
2021-02-28,Jalandhar,7.21
2021-02-28,Jodhpur,25.63
2021-02-28,Kanpur,4.1
2021-02-28,Kochi,4.3
2021-02-28,Kohima,6.89
2021-02-28,Kolkata,6.22
2021-02-28,Kota,25.63
2021-02-28,Kozhikode,4.3
2021-02-28,Lucknow,4.1
2021-02-28,Ludhiana,7.21
2021-02-28,Mangalore,2.5
2021-02-28,Meerut,4.1
2021-02-28,Moradabad,4.1
2021-02-28,Mumbai,3.75
2021-02-28,Mysuru,2.5
2021-02-28,Nashik,3.75
2021-02-28,Patna,11.47
2021-02-28,Prayagraj,4.1
2021-02-28,Puducherry,5.76
2021-02-28,Pune,3.75
2021-02-28,Shillong,3.83
2021-02-28,Solapur,3.75
2021-02-28,Srinagar,14.21
2021-02-28,Thiruvananthapuram,4.3
2021-02-28,Varanasi,4.1
2021-02-28,Vijayawada,3.74
2021-02-28,Visakhapatnam,3.74
2021-03-31,Agartala,13.94
2021-03-31,Agra,4.14
2021-03-31,Aizwal,6.5
2021-03-31,Amritsar,7.35
2021-03-31,Asansol,7.51
2021-03-31,Aurangabad,3.55
2021-03-31,Bareilly,4.14
2021-03-31,Belgaum,1.16
2021-03-31,Bengaluru,1.16
2021-03-31,Bhilai,2.69
2021-03-31,Bhopal,1.5
2021-03-31,Chandigarh,7.35
2021-03-31,Chennai,3.02
2021-03-31,Coimbatore,3.02
2021-03-31,Dehradun,3.26
2021-03-31,Delhi,9.41
2021-03-31,Faridabad,27.58
2021-03-31,Gandhinagar,2.16
2021-03-31,Gangtok,1.74
2021-03-31,Ghaziabad,4.14
2021-03-31,Gorakhpur,4.14
2021-03-31,Gwalior,1.5
2021-03-31,Hyderabad,3.67
2021-03-31,Imphal,6.5
2021-03-31,Indore,1.5
2021-03-31,Jabalpur,1.5
2021-03-31,Jaipur,19.74
2021-03-31,Jalandhar,7.35
2021-03-31,Jodhpur,19.74
2021-03-31,Kanpur,4.14
2021-03-31,Kochi,5.9
2021-03-31,Kohima,6.5
2021-03-31,Kolkata,7.51
2021-03-31,Kota,19.74
2021-03-31,Kozhikode,5.9
2021-03-31,Lucknow,4.14
2021-03-31,Ludhiana,7.35
2021-03-31,Mangalore,1.16
2021-03-31,Meerut,4.14
2021-03-31,Moradabad,4.14
2021-03-31,Mumbai,3.55
2021-03-31,Mysuru,1.16
2021-03-31,Nashik,3.55
2021-03-31,Patna,14.6
2021-03-31,Prayagraj,4.14
2021-03-31,Puducherry,1.44
2021-03-31,Pune,3.55
2021-03-31,Shillong,1.31
2021-03-31,Solapur,3.55
2021-03-31,Srinagar,9.53
2021-03-31,Thiruvananthapuram,5.9
2021-03-31,Varanasi,4.14
2021-03-31,Vijayawada,5.88
2021-03-31,Visakhapatnam,5.88
2021-04-30,Agartala,17.28
2021-04-30,Agra,6.3
2021-04-30,Aizwal,7.97
2021-04-30,Amritsar,5.33
2021-04-30,Asansol,7.63
2021-04-30,Aurangabad,5.47
2021-04-30,Bareilly,6.3
2021-04-30,Belgaum,2.03
2021-04-30,Bengaluru,2.03
2021-04-30,Bhilai,3.04
2021-04-30,Bhopal,1.35
2021-04-30,Chandigarh,5.33
2021-04-30,Chennai,2.34
2021-04-30,Coimbatore,2.34
2021-04-30,Dehradun,5.96
2021-04-30,Delhi,27.32
2021-04-30,Faridabad,35.13
2021-04-30,Gandhinagar,1.77
2021-04-30,Gangtok,1.8
2021-04-30,Ghaziabad,6.3
2021-04-30,Gorakhpur,6.3
2021-04-30,Gwalior,1.35
2021-04-30,Hyderabad,5.05
2021-04-30,Imphal,7.97
2021-04-30,Indore,1.35
2021-04-30,Jabalpur,1.35
2021-04-30,Jaipur,28.04
2021-04-30,Jalandhar,5.33
2021-04-30,Jodhpur,28.04
2021-04-30,Kanpur,6.3
2021-04-30,Kochi,7.52
2021-04-30,Kohima,7.97
2021-04-30,Kolkata,7.63
2021-04-30,Kota,28.04
2021-04-30,Kozhikode,7.52
2021-04-30,Lucknow,6.3
2021-04-30,Ludhiana,5.33
2021-04-30,Mangalore,2.03
2021-04-30,Meerut,6.3
2021-04-30,Moradabad,6.3
2021-04-30,Mumbai,5.47
2021-04-30,Mysuru,2.03
2021-04-30,Nashik,5.47
2021-04-30,Patna,11.54
2021-04-30,Prayagraj,6.3
2021-04-30,Puducherry,2.72
2021-04-30,Pune,5.47
2021-04-30,Shillong,1.44
2021-04-30,Solapur,5.47
2021-04-30,Srinagar,11.45
2021-04-30,Thiruvananthapuram,7.52
2021-04-30,Varanasi,6.3
2021-04-30,Vijayawada,4.91
2021-04-30,Visakhapatnam,4.91
2021-05-31,Agartala,19.93
2021-05-31,Agra,6.89
2021-05-31,Aizwal,11.84
2021-05-31,Amritsar,8.84
2021-05-31,Asansol,19.34
2021-05-31,Aurangabad,5.75
2021-05-31,Bareilly,6.89
2021-05-31,Belgaum,5.27
2021-05-31,Bengaluru,5.27
2021-05-31,Bhilai,8.03
2021-05-31,Bhopal,5.16
2021-05-31,Chandigarh,8.84
2021-05-31,Chennai,27.97
2021-05-31,Coimbatore,27.97
2021-05-31,Dehradun,5.49
2021-05-31,Delhi,45.56
2021-05-31,Faridabad,28.73
2021-05-31,Gandhinagar,2.34
2021-05-31,Gangtok,4.19
2021-05-31,Ghaziabad,6.89
2021-05-31,Gorakhpur,6.89
2021-05-31,Gwalior,5.16
2021-05-31,Hyderabad,7.2
2021-05-31,Imphal,11.84
2021-05-31,Indore,5.16
2021-05-31,Jabalpur,5.16
2021-05-31,Jaipur,27.64
2021-05-31,Jalandhar,8.84
2021-05-31,Jodhpur,27.64
2021-05-31,Kanpur,6.89
2021-05-31,Kochi,23.52
2021-05-31,Kohima,11.84
2021-05-31,Kolkata,19.34
2021-05-31,Kota,27.64
2021-05-31,Kozhikode,23.52
2021-05-31,Lucknow,6.89
2021-05-31,Ludhiana,8.84
2021-05-31,Mangalore,5.27
2021-05-31,Meerut,6.89
2021-05-31,Moradabad,6.89
2021-05-31,Mumbai,5.75
2021-05-31,Mysuru,5.27
2021-05-31,Nashik,5.75
2021-05-31,Patna,13.83
2021-05-31,Prayagraj,6.89
2021-05-31,Puducherry,23.97
2021-05-31,Pune,5.75
2021-05-31,Shillong,6.49
2021-05-31,Solapur,5.75
2021-05-31,Srinagar,11.92
2021-05-31,Thiruvananthapuram,23.52
2021-05-31,Varanasi,6.89
2021-05-31,Vijayawada,12.83
2021-05-31,Visakhapatnam,12.83
2021-06-30,Agartala,9.62
2021-06-30,Agra,4.32
2021-06-30,Aizwal,9.17
2021-06-30,Amritsar,8.27
2021-06-30,Asansol,22.14
2021-06-30,Aurangabad,4.29
2021-06-30,Bareilly,4.32
2021-06-30,Belgaum,5.55
2021-06-30,Bengaluru,5.55
2021-06-30,Bhilai,2.57
2021-06-30,Bhopal,2.34
2021-06-30,Chandigarh,8.27
2021-06-30,Chennai,8.3
2021-06-30,Coimbatore,8.3
2021-06-30,Dehradun,4.81
2021-06-30,Delhi,8.8
2021-06-30,Faridabad,27.84
2021-06-30,Gandhinagar,1.79
2021-06-30,Gangtok,0.0
2021-06-30,Ghaziabad,4.32
2021-06-30,Gorakhpur,4.32
2021-06-30,Gwalior,2.34
2021-06-30,Hyderabad,4.78
2021-06-30,Imphal,9.17
2021-06-30,Indore,2.34
2021-06-30,Jabalpur,2.34
2021-06-30,Jaipur,26.27
2021-06-30,Jalandhar,8.27
2021-06-30,Jodhpur,26.27
2021-06-30,Kanpur,4.32
2021-06-30,Kochi,15.77
2021-06-30,Kohima,9.17
2021-06-30,Kolkata,22.14
2021-06-30,Kota,26.27
2021-06-30,Kozhikode,15.77
2021-06-30,Lucknow,4.32
2021-06-30,Ludhiana,8.27
2021-06-30,Mangalore,5.55
2021-06-30,Meerut,4.32
2021-06-30,Moradabad,4.32
2021-06-30,Mumbai,4.29
2021-06-30,Mysuru,5.55
2021-06-30,Nashik,4.29
2021-06-30,Patna,10.5
2021-06-30,Prayagraj,4.32
2021-06-30,Puducherry,47.12
2021-06-30,Pune,4.29
2021-06-30,Shillong,2.84
2021-06-30,Solapur,4.29
2021-06-30,Srinagar,10.57
2021-06-30,Thiruvananthapuram,15.77
2021-06-30,Varanasi,4.32
2021-06-30,Vijayawada,7.43
2021-06-30,Visakhapatnam,7.43
2021-07-31,Agartala,13.34
2021-07-31,Agra,4.95
2021-07-31,Aizwal,6.96
2021-07-31,Amritsar,6.93
2021-07-31,Asansol,7.37
2021-07-31,Aurangabad,4.28
2021-07-31,Bareilly,4.95
2021-07-31,Belgaum,2.05
2021-07-31,Bengaluru,2.05
2021-07-31,Bhilai,3.25
2021-07-31,Bhopal,2.3
2021-07-31,Chandigarh,6.93
2021-07-31,Chennai,4.78
2021-07-31,Coimbatore,4.78
2021-07-31,Dehradun,3.17
2021-07-31,Delhi,10.7
2021-07-31,Faridabad,28.08
2021-07-31,Gandhinagar,1.82
2021-07-31,Gangtok,0.0
2021-07-31,Ghaziabad,4.95
2021-07-31,Gorakhpur,4.95
2021-07-31,Gwalior,2.3
2021-07-31,Hyderabad,4.01
2021-07-31,Imphal,6.96
2021-07-31,Indore,2.3
2021-07-31,Jabalpur,2.3
2021-07-31,Jaipur,21.06
2021-07-31,Jalandhar,6.93
2021-07-31,Jodhpur,21.06
2021-07-31,Kanpur,4.95
2021-07-31,Kochi,7.52
2021-07-31,Kohima,6.96
2021-07-31,Kolkata,7.37
2021-07-31,Kota,21.06
2021-07-31,Kozhikode,7.52
2021-07-31,Lucknow,4.95
2021-07-31,Ludhiana,6.93
2021-07-31,Mangalore,2.05
2021-07-31,Meerut,4.95
2021-07-31,Moradabad,4.95
2021-07-31,Mumbai,4.28
2021-07-31,Mysuru,2.05
2021-07-31,Nashik,4.28
2021-07-31,Patna,13.02
2021-07-31,Prayagraj,4.95
2021-07-31,Puducherry,9.58
2021-07-31,Pune,4.28
2021-07-31,Shillong,0.39
2021-07-31,Solapur,4.28
2021-07-31,Srinagar,15.4
2021-07-31,Thiruvananthapuram,7.52
2021-07-31,Varanasi,4.95
2021-07-31,Vijayawada,8.68
2021-07-31,Visakhapatnam,8.68
2021-08-31,Agartala,15.6
2021-08-31,Agra,6.98
2021-08-31,Aizwal,8.32
2021-08-31,Amritsar,6.05
2021-08-31,Asansol,7.41
2021-08-31,Aurangabad,4.36
2021-08-31,Bareilly,6.98
2021-08-31,Belgaum,1.49
2021-08-31,Bengaluru,1.49
2021-08-31,Bhilai,3.78
2021-08-31,Bhopal,3.49
2021-08-31,Chandigarh,6.05
2021-08-31,Chennai,6.27
2021-08-31,Coimbatore,6.27
2021-08-31,Dehradun,6.22
2021-08-31,Delhi,11.57
2021-08-31,Faridabad,35.7
2021-08-31,Gandhinagar,1.61
2021-08-31,Gangtok,0.0
2021-08-31,Ghaziabad,6.98
2021-08-31,Gorakhpur,6.98
2021-08-31,Gwalior,3.49
2021-08-31,Hyderabad,4.66
2021-08-31,Imphal,8.32
2021-08-31,Indore,3.49
2021-08-31,Jabalpur,3.49
2021-08-31,Jaipur,26.69
2021-08-31,Jalandhar,6.05
2021-08-31,Jodhpur,26.69
2021-08-31,Kanpur,6.98
2021-08-31,Kochi,7.81
2021-08-31,Kohima,8.32
2021-08-31,Kolkata,7.41
2021-08-31,Kota,26.69
2021-08-31,Kozhikode,7.81
2021-08-31,Lucknow,6.98
2021-08-31,Ludhiana,6.05
2021-08-31,Mangalore,1.49
2021-08-31,Meerut,6.98
2021-08-31,Moradabad,6.98
2021-08-31,Mumbai,4.36
2021-08-31,Mysuru,1.49
2021-08-31,Nashik,4.36
2021-08-31,Patna,13.61
2021-08-31,Prayagraj,6.98
2021-08-31,Puducherry,8.57
2021-08-31,Pune,4.36
2021-08-31,Shillong,0.58
2021-08-31,Solapur,4.36
2021-08-31,Srinagar,13.57
2021-08-31,Thiruvananthapuram,7.81
2021-08-31,Varanasi,6.98
2021-08-31,Vijayawada,6.49
2021-08-31,Visakhapatnam,6.49
2021-09-30,Agartala,15.28
2021-09-30,Agra,4.98
2021-09-30,Aizwal,6.86
2021-09-30,Amritsar,9.28
2021-09-30,Asansol,6.8
2021-09-30,Aurangabad,4.53
2021-09-30,Bareilly,4.98
2021-09-30,Belgaum,3.12
2021-09-30,Bengaluru,3.12
2021-09-30,Bhilai,4.44
2021-09-30,Bhopal,3.09
2021-09-30,Chandigarh,9.28
2021-09-30,Chennai,7.0
2021-09-30,Coimbatore,7.0
2021-09-30,Dehradun,4.14
2021-09-30,Delhi,16.81
2021-09-30,Faridabad,21.13
2021-09-30,Gandhinagar,1.29
2021-09-30,Ghaziabad,4.98
2021-09-30,Gorakhpur,4.98
2021-09-30,Gwalior,3.09
2021-09-30,Hyderabad,3.63
2021-09-30,Imphal,6.86
2021-09-30,Indore,3.09
2021-09-30,Jabalpur,3.09
2021-09-30,Jaipur,17.87
2021-09-30,Jalandhar,9.28
2021-09-30,Jodhpur,17.87
2021-09-30,Kanpur,4.98
2021-09-30,Kochi,8.95
2021-09-30,Kohima,6.86
2021-09-30,Kolkata,6.8
2021-09-30,Kota,17.87
2021-09-30,Kozhikode,8.95
2021-09-30,Lucknow,4.98
2021-09-30,Ludhiana,9.28
2021-09-30,Mangalore,3.12
2021-09-30,Meerut,4.98
2021-09-30,Moradabad,4.98
2021-09-30,Mumbai,4.53
2021-09-30,Mysuru,3.12
2021-09-30,Nashik,4.53
2021-09-30,Patna,9.97
2021-09-30,Prayagraj,4.98
2021-09-30,Puducherry,11.17
2021-09-30,Pune,4.53
2021-09-30,Shillong,2.06
2021-09-30,Solapur,4.53
2021-09-30,Srinagar,21.45
2021-09-30,Thiruvananthapuram,8.95
2021-09-30,Varanasi,4.98
2021-09-30,Vijayawada,6.07
2021-09-30,Visakhapatnam,6.07
2021-10-31,Agartala,9.95
2021-10-31,Agra,4.22
2021-10-31,Aizwal,7.74
2021-10-31,Amritsar,11.41
2021-10-31,Asansol,5.6
2021-10-31,Aurangabad,4.33
2021-10-31,Bareilly,4.22
2021-10-31,Belgaum,1.51
2021-10-31,Bengaluru,1.51
2021-10-31,Bhilai,3.05
2021-10-31,Bhopal,1.82
2021-10-31,Chandigarh,11.41
2021-10-31,Chennai,4.89
2021-10-31,Coimbatore,4.89
2021-10-31,Dehradun,3.34
2021-10-31,Delhi,10.97
2021-10-31,Faridabad,30.69
2021-10-31,Gandhinagar,2.39
2021-10-31,Gangtok,9.98
2021-10-31,Ghaziabad,4.22
2021-10-31,Gorakhpur,4.22
2021-10-31,Gwalior,1.82
2021-10-31,Hyderabad,4.13
2021-10-31,Imphal,7.74
2021-10-31,Indore,1.82
2021-10-31,Jabalpur,1.82
2021-10-31,Jaipur,29.52
2021-10-31,Jalandhar,11.41
2021-10-31,Jodhpur,29.52
2021-10-31,Kanpur,4.22
2021-10-31,Kochi,5.39
2021-10-31,Kohima,7.74
2021-10-31,Kolkata,5.6
2021-10-31,Kota,29.52
2021-10-31,Kozhikode,5.39
2021-10-31,Lucknow,4.22
2021-10-31,Ludhiana,11.41
2021-10-31,Mangalore,1.51
2021-10-31,Meerut,4.22
2021-10-31,Moradabad,4.22
2021-10-31,Mumbai,4.33
2021-10-31,Mysuru,1.51
2021-10-31,Nashik,4.33
2021-10-31,Patna,13.88
2021-10-31,Prayagraj,4.22
2021-10-31,Puducherry,6.02
2021-10-31,Pune,4.33
2021-10-31,Shillong,1.82
2021-10-31,Solapur,4.33
2021-10-31,Srinagar,22.2
2021-10-31,Thiruvananthapuram,5.39
2021-10-31,Varanasi,4.22
2021-10-31,Vijayawada,5.37
2021-10-31,Visakhapatnam,5.37
2021-11-30,Agartala,13.41
2021-11-30,Agra,4.83
2021-11-30,Aizwal,6.97
2021-11-30,Amritsar,6.7
2021-11-30,Asansol,6.68
2021-11-30,Aurangabad,4.69
2021-11-30,Bareilly,4.83
2021-11-30,Belgaum,2.77
2021-11-30,Bengaluru,2.77
2021-11-30,Bhilai,1.78
2021-11-30,Bhopal,1.56
2021-11-30,Chandigarh,6.7
2021-11-30,Chennai,5.13
2021-11-30,Coimbatore,5.13
2021-11-30,Dehradun,3.12
2021-11-30,Delhi,9.3
2021-11-30,Faridabad,29.2
2021-11-30,Gandhinagar,1.45
2021-11-30,Ghaziabad,4.83
2021-11-30,Gorakhpur,4.83
2021-11-30,Gwalior,1.56
2021-11-30,Hyderabad,4.14
2021-11-30,Imphal,6.97
2021-11-30,Indore,1.56
2021-11-30,Jabalpur,1.56
2021-11-30,Jaipur,20.23
2021-11-30,Jalandhar,6.7
2021-11-30,Jodhpur,20.23
2021-11-30,Kanpur,4.83
2021-11-30,Kochi,7.09
2021-11-30,Kohima,6.97
2021-11-30,Kolkata,6.68
2021-11-30,Kota,20.23
2021-11-30,Kozhikode,7.09
2021-11-30,Lucknow,4.83
2021-11-30,Ludhiana,6.7
2021-11-30,Mangalore,2.77
2021-11-30,Meerut,4.83
2021-11-30,Moradabad,4.83
2021-11-30,Mumbai,4.69
2021-11-30,Mysuru,2.77
2021-11-30,Nashik,4.69
2021-11-30,Patna,14.8
2021-11-30,Prayagraj,4.83
2021-11-30,Puducherry,6.29
2021-11-30,Pune,4.69
2021-11-30,Shillong,0.73
2021-11-30,Solapur,4.69
2021-11-30,Srinagar,21.17
2021-11-30,Thiruvananthapuram,7.09
2021-11-30,Varanasi,4.83
2021-11-30,Vijayawada,6.33
2021-11-30,Visakhapatnam,6.33
2021-12-31,Agartala,14.73
2021-12-31,Agra,4.86
2021-12-31,Aizwal,7.91
2021-12-31,Amritsar,6.78
2021-12-31,Asansol,7.33
2021-12-31,Aurangabad,3.77
2021-12-31,Bareilly,4.86
2021-12-31,Belgaum,1.44
2021-12-31,Bengaluru,1.44
2021-12-31,Bhilai,2.15
2021-12-31,Bhopal,3.37
2021-12-31,Chandigarh,6.78
2021-12-31,Chennai,6.91
2021-12-31,Coimbatore,6.91
2021-12-31,Dehradun,5.01
2021-12-31,Delhi,9.84
2021-12-31,Faridabad,34.07
2021-12-31,Gandhinagar,1.63
2021-12-31,Ghaziabad,4.86
2021-12-31,Gorakhpur,4.86
2021-12-31,Gwalior,3.37
2021-12-31,Hyderabad,2.16
2021-12-31,Imphal,7.91
2021-12-31,Indore,3.37
2021-12-31,Jabalpur,3.37
2021-12-31,Jaipur,27.12
2021-12-31,Jalandhar,6.78
2021-12-31,Jodhpur,27.12
2021-12-31,Kanpur,4.86
2021-12-31,Kochi,6.69
2021-12-31,Kohima,7.91
2021-12-31,Kolkata,7.33
2021-12-31,Kota,27.12
2021-12-31,Kozhikode,6.69
2021-12-31,Lucknow,4.86
2021-12-31,Ludhiana,6.78
2021-12-31,Mangalore,1.44
2021-12-31,Meerut,4.86
2021-12-31,Moradabad,4.86
2021-12-31,Mumbai,3.77
2021-12-31,Mysuru,1.44
2021-12-31,Nashik,3.77
2021-12-31,Patna,15.98
2021-12-31,Prayagraj,4.86
2021-12-31,Puducherry,6.22
2021-12-31,Pune,3.77
2021-12-31,Shillong,3.04
2021-12-31,Solapur,3.77
2021-12-31,Srinagar,15.03
2021-12-31,Thiruvananthapuram,6.69
2021-12-31,Varanasi,4.86
2021-12-31,Vijayawada,5.62
2021-12-31,Visakhapatnam,5.62
2022-01-31,Agartala,17.14
2022-01-31,Agra,2.97
2022-01-31,Aizwal,6.56
2022-01-31,Amritsar,9.31
2022-01-31,Asansol,6.43
2022-01-31,Aurangabad,4.21
2022-01-31,Bareilly,2.97
2022-01-31,Belgaum,2.88
2022-01-31,Bengaluru,2.88
2022-01-31,Bhilai,2.95
2022-01-31,Bhopal,2.95
2022-01-31,Chandigarh,9.31
2022-01-31,Chennai,5.3
2022-01-31,Coimbatore,5.3
2022-01-31,Dehradun,3.47
2022-01-31,Delhi,14.08
2022-01-31,Faridabad,23.36
2022-01-31,Gandhinagar,1.17
2022-01-31,Ghaziabad,2.97
2022-01-31,Gorakhpur,2.97
2022-01-31,Gwalior,2.95
2022-01-31,Hyderabad,0.69
2022-01-31,Imphal,6.56
2022-01-31,Indore,2.95
2022-01-31,Jabalpur,2.95
2022-01-31,Jaipur,18.95
2022-01-31,Jalandhar,9.31
2022-01-31,Jodhpur,18.95
2022-01-31,Kanpur,2.97
2022-01-31,Kochi,4.95
2022-01-31,Kohima,6.56
2022-01-31,Kolkata,6.43
2022-01-31,Kota,18.95
2022-01-31,Kozhikode,4.95
2022-01-31,Lucknow,2.97
2022-01-31,Ludhiana,9.31
2022-01-31,Mangalore,2.88
2022-01-31,Meerut,2.97
2022-01-31,Moradabad,2.97
2022-01-31,Mumbai,4.21
2022-01-31,Mysuru,2.88
2022-01-31,Nashik,4.21
2022-01-31,Patna,13.26
2022-01-31,Prayagraj,2.97
2022-01-31,Puducherry,7.76
2022-01-31,Pune,4.21
2022-01-31,Shillong,1.51
2022-01-31,Solapur,4.21
2022-01-31,Srinagar,15.19
2022-01-31,Thiruvananthapuram,4.95
2022-01-31,Varanasi,2.97
2022-01-31,Vijayawada,6.17
2022-01-31,Visakhapatnam,6.17
2022-02-28,Agartala,9.77
2022-02-28,Agra,2.71
2022-02-28,Aizwal,8.11
2022-02-28,Amritsar,8.99
2022-02-28,Asansol,6.27
2022-02-28,Aurangabad,4.34
2022-02-28,Bareilly,2.71
2022-02-28,Belgaum,1.98
2022-02-28,Bengaluru,1.98
2022-02-28,Bhilai,1.71
2022-02-28,Bhopal,2.82
2022-02-28,Chandigarh,8.99
2022-02-28,Chennai,3.23
2022-02-28,Coimbatore,3.23
2022-02-28,Dehradun,4.58
2022-02-28,Delhi,9.31
2022-02-28,Faridabad,30.94
2022-02-28,Gandhinagar,2.47
2022-02-28,Ghaziabad,2.71
2022-02-28,Gorakhpur,2.71
2022-02-28,Gwalior,2.82
2022-02-28,Hyderabad,12.95
2022-02-28,Imphal,8.11
2022-02-28,Indore,2.82
2022-02-28,Jabalpur,2.82
2022-02-28,Jaipur,32.39
2022-02-28,Jalandhar,8.99
2022-02-28,Jodhpur,32.39
2022-02-28,Kanpur,2.71
2022-02-28,Kochi,4.95
2022-02-28,Kohima,8.11
2022-02-28,Kolkata,6.27
2022-02-28,Kota,32.39
2022-02-28,Kozhikode,4.95
2022-02-28,Lucknow,2.71
2022-02-28,Ludhiana,8.99
2022-02-28,Mangalore,1.98
2022-02-28,Meerut,2.71
2022-02-28,Moradabad,2.71
2022-02-28,Mumbai,4.34
2022-02-28,Mysuru,1.98
2022-02-28,Nashik,4.34
2022-02-28,Patna,13.89
2022-02-28,Prayagraj,2.71
2022-02-28,Puducherry,3.71
2022-02-28,Pune,4.34
2022-02-28,Shillong,1.41
2022-02-28,Solapur,4.34
2022-02-28,Srinagar,13.17
2022-02-28,Thiruvananthapuram,4.95
2022-02-28,Varanasi,2.71
2022-02-28,Vijayawada,7.1
2022-02-28,Visakhapatnam,7.1
2022-03-31,Agartala,14.08
2022-03-31,Agra,4.36
2022-03-31,Aizwal,7.57
2022-03-31,Amritsar,6.94
2022-03-31,Asansol,5.57
2022-03-31,Aurangabad,4.0
2022-03-31,Bareilly,4.36
2022-03-31,Belgaum,1.84
2022-03-31,Bengaluru,1.84
2022-03-31,Bhilai,0.62
2022-03-31,Bhopal,1.59
2022-03-31,Chandigarh,6.94
2022-03-31,Chennai,4.13
2022-03-31,Coimbatore,4.13
2022-03-31,Dehradun,3.51
2022-03-31,Delhi,8.86
2022-03-31,Faridabad,26.5
2022-03-31,Gandhinagar,1.8
2022-03-31,Ghaziabad,4.36
2022-03-31,Gorakhpur,4.36
2022-03-31,Gwalior,1.59
2022-03-31,Hyderabad,6.55
2022-03-31,Imphal,7.57
2022-03-31,Indore,1.59
2022-03-31,Jabalpur,1.59
2022-03-31,Jaipur,24.48
2022-03-31,Jalandhar,6.94
2022-03-31,Jodhpur,24.48
2022-03-31,Kanpur,4.36
2022-03-31,Kochi,6.74
2022-03-31,Kohima,7.57
2022-03-31,Kolkata,5.57
2022-03-31,Kota,24.48
2022-03-31,Kozhikode,6.74
2022-03-31,Lucknow,4.36
2022-03-31,Ludhiana,6.94
2022-03-31,Mangalore,1.84
2022-03-31,Meerut,4.36
2022-03-31,Moradabad,4.36
2022-03-31,Mumbai,4.0
2022-03-31,Mysuru,1.84
2022-03-31,Nashik,4.0
2022-03-31,Patna,14.45
2022-03-31,Prayagraj,4.36
2022-03-31,Puducherry,4.22
2022-03-31,Pune,4.0
2022-03-31,Shillong,1.99
2022-03-31,Solapur,4.0
2022-03-31,Srinagar,25.01
2022-03-31,Thiruvananthapuram,6.74
2022-03-31,Varanasi,4.36
2022-03-31,Vijayawada,9.16
2022-03-31,Visakhapatnam,9.16
2022-04-30,Agartala,14.6
2022-04-30,Agra,2.94
2022-04-30,Aizwal,7.83
2022-04-30,Amritsar,7.25
2022-04-30,Asansol,6.25
2022-04-30,Aurangabad,3.13
2022-04-30,Bareilly,2.94
2022-04-30,Belgaum,2.71
2022-04-30,Bengaluru,2.71
2022-04-30,Bhilai,0.63
2022-04-30,Bhopal,1.61
2022-04-30,Chandigarh,7.25
2022-04-30,Chennai,3.17
2022-04-30,Coimbatore,3.17
2022-04-30,Dehradun,5.33
2022-04-30,Delhi,11.18
2022-04-30,Faridabad,34.48
2022-04-30,Gandhinagar,1.55
2022-04-30,Gangtok,8.67
2022-04-30,Ghaziabad,2.94
2022-04-30,Gorakhpur,2.94
2022-04-30,Gwalior,1.61
2022-04-30,Hyderabad,9.91
2022-04-30,Imphal,7.83
2022-04-30,Indore,1.61
2022-04-30,Jabalpur,1.61
2022-04-30,Jaipur,28.8
2022-04-30,Jalandhar,7.25
2022-04-30,Jodhpur,28.8
2022-04-30,Kanpur,2.94
2022-04-30,Kochi,5.84
2022-04-30,Kohima,7.83
2022-04-30,Kolkata,6.25
2022-04-30,Kota,28.8
2022-04-30,Kozhikode,5.84
2022-04-30,Lucknow,2.94
2022-04-30,Ludhiana,7.25
2022-04-30,Mangalore,2.71
2022-04-30,Meerut,2.94
2022-04-30,Moradabad,2.94
2022-04-30,Mumbai,3.13
2022-04-30,Mysuru,2.71
2022-04-30,Nashik,3.13
2022-04-30,Patna,21.05
2022-04-30,Prayagraj,2.94
2022-04-30,Puducherry,5.56
2022-04-30,Pune,3.13
2022-04-30,Shillong,2.23
2022-04-30,Solapur,3.13
2022-04-30,Srinagar,15.64
2022-04-30,Thiruvananthapuram,5.84
2022-04-30,Varanasi,2.94
2022-04-30,Vijayawada,5.3
2022-04-30,Visakhapatnam,5.3
2022-05-31,Agartala,17.35
2022-05-31,Agra,3.13
2022-05-31,Aizwal,7.12
2022-05-31,Amritsar,9.15
2022-05-31,Asansol,5.75
2022-05-31,Aurangabad,4.08
2022-05-31,Bareilly,3.13
2022-05-31,Belgaum,4.27
2022-05-31,Bengaluru,4.27
2022-05-31,Bhilai,0.71
2022-05-31,Bhopal,1.65
2022-05-31,Chandigarh,9.15
2022-05-31,Chennai,3.09
2022-05-31,Coimbatore,3.09
2022-05-31,Dehradun,2.85
2022-05-31,Delhi,13.64
2022-05-31,Faridabad,24.6
2022-05-31,Gandhinagar,2.1
2022-05-31,Gangtok,7.52
2022-05-31,Ghaziabad,3.13
2022-05-31,Gorakhpur,3.13
2022-05-31,Gwalior,1.65
2022-05-31,Hyderabad,9.38
2022-05-31,Imphal,7.12
2022-05-31,Indore,1.65
2022-05-31,Jabalpur,1.65
2022-05-31,Jaipur,22.2
2022-05-31,Jalandhar,9.15
2022-05-31,Jodhpur,22.2
2022-05-31,Kanpur,3.13
2022-05-31,Kochi,5.83
2022-05-31,Kohima,7.12
2022-05-31,Kolkata,5.75
2022-05-31,Kota,22.2
2022-05-31,Kozhikode,5.83
2022-05-31,Lucknow,3.13
2022-05-31,Ludhiana,9.15
2022-05-31,Mangalore,4.27
2022-05-31,Meerut,3.13
2022-05-31,Moradabad,3.13
2022-05-31,Mumbai,4.08
2022-05-31,Mysuru,4.27
2022-05-31,Nashik,4.08
2022-05-31,Patna,13.26
2022-05-31,Prayagraj,3.13
2022-05-31,Puducherry,5.58
2022-05-31,Pune,4.08
2022-05-31,Shillong,4.06
2022-05-31,Solapur,4.08
2022-05-31,Srinagar,18.3
2022-05-31,Thiruvananthapuram,5.83
2022-05-31,Varanasi,3.13
2022-05-31,Vijayawada,4.38
2022-05-31,Visakhapatnam,4.38
2022-06-30,Agartala,9.45
2022-06-30,Agra,2.75
2022-06-30,Aizwal,7.8
2022-06-30,Amritsar,8.51
2022-06-30,Asansol,5.23
2022-06-30,Aurangabad,4.8
2022-06-30,Bareilly,2.75
2022-06-30,Belgaum,3.66
2022-06-30,Bengaluru,3.66
2022-06-30,Bhilai,1.2
2022-06-30,Bhopal,0.49
2022-06-30,Chandigarh,8.51
2022-06-30,Chennai,2.11
2022-06-30,Coimbatore,2.11
2022-06-30,Dehradun,8.67
2022-06-30,Delhi,10.28
2022-06-30,Faridabad,30.59
2022-06-30,Gandhinagar,3.01
2022-06-30,Gangtok,12.69
2022-06-30,Ghaziabad,2.75
2022-06-30,Gorakhpur,2.75
2022-06-30,Gwalior,0.49
2022-06-30,Hyderabad,9.99
2022-06-30,Imphal,7.8
2022-06-30,Indore,0.49
2022-06-30,Jabalpur,0.49
2022-06-30,Jaipur,29.77
2022-06-30,Jalandhar,8.51
2022-06-30,Jodhpur,29.77
2022-06-30,Kanpur,2.75
2022-06-30,Kochi,5.32
2022-06-30,Kohima,7.8
2022-06-30,Kolkata,5.23
2022-06-30,Kota,29.77
2022-06-30,Kozhikode,5.32
2022-06-30,Lucknow,2.75
2022-06-30,Ludhiana,8.51
2022-06-30,Mangalore,3.66
2022-06-30,Meerut,2.75
2022-06-30,Moradabad,2.75
2022-06-30,Mumbai,4.8
2022-06-30,Mysuru,3.66
2022-06-30,Nashik,4.8
2022-06-30,Patna,13.98
2022-06-30,Prayagraj,2.75
2022-06-30,Puducherry,0.85
2022-06-30,Pune,4.8
2022-06-30,Shillong,2.32
2022-06-30,Solapur,4.8
2022-06-30,Srinagar,17.23
2022-06-30,Thiruvananthapuram,5.32
2022-06-30,Varanasi,2.75
2022-06-30,Vijayawada,4.43
2022-06-30,Visakhapatnam,4.43
2022-07-31,Agartala,13.01
2022-07-31,Agra,3.29
2022-07-31,Aizwal,6.8
2022-07-31,Amritsar,7.74
2022-07-31,Asansol,6.26
2022-07-31,Aurangabad,3.73
2022-07-31,Bareilly,3.29
2022-07-31,Belgaum,3.48
2022-07-31,Bengaluru,3.48
2022-07-31,Bhilai,0.81
2022-07-31,Bhopal,1.99
2022-07-31,Chandigarh,7.74
2022-07-31,Chennai,2.97
2022-07-31,Coimbatore,2.97
2022-07-31,Delhi,8.92
2022-07-31,Faridabad,26.94
2022-07-31,Gandhinagar,2.24
2022-07-31,Gangtok,6.47
2022-07-31,Ghaziabad,3.29
2022-07-31,Gorakhpur,3.29
2022-07-31,Gwalior,1.99
2022-07-31,Hyderabad,5.83
2022-07-31,Imphal,6.8
2022-07-31,Indore,1.99
2022-07-31,Jabalpur,1.99
2022-07-31,Jaipur,19.13
2022-07-31,Jalandhar,7.74
2022-07-31,Jodhpur,19.13
2022-07-31,Kanpur,3.29
2022-07-31,Kochi,4.93
2022-07-31,Kohima,6.8
2022-07-31,Kolkata,6.26
2022-07-31,Kota,19.13
2022-07-31,Kozhikode,4.93
2022-07-31,Lucknow,3.29
2022-07-31,Ludhiana,7.74
2022-07-31,Mangalore,3.48
2022-07-31,Meerut,3.29
2022-07-31,Moradabad,3.29
2022-07-31,Mumbai,3.73
2022-07-31,Mysuru,3.48
2022-07-31,Nashik,3.73
2022-07-31,Patna,18.82
2022-07-31,Prayagraj,3.29
2022-07-31,Puducherry,2.82
2022-07-31,Pune,3.73
2022-07-31,Shillong,1.49
2022-07-31,Solapur,3.73
2022-07-31,Srinagar,20.22
2022-07-31,Thiruvananthapuram,4.93
2022-07-31,Varanasi,3.29
2022-07-31,Vijayawada,5.79
2022-07-31,Visakhapatnam,5.79
